station_id,station_name,state,grantee_name,search_hint,notes
bethel-broadcasting-inc,"Bethel Broadcasting, Inc.",AK,KYUK-TV,"Bethel Broadcasting, Inc. audited financial statements public documents",candidate from 990 watchlist; page_url to be added after verification
ktoo-public-media,KTOO Public Media,AK,KTOO-TV,KTOO Public Media audited financial statements public documents,candidate from 990 watchlist; page_url to be added after verification
rural-california-broadcasting-corporation,Rural California Broadcasting Corporation,CA,KRCB-TV,Rural California Broadcasting Corporation audited financial statements public documents,candidate from 990 watchlist; page_url to be added after verification
redwood-empire-public-television-inc,"Redwood Empire Public Television, Inc.",CA,KEET-TV,"Redwood Empire Public Television, Inc. audited financial statements public documents",candidate from 990 watchlist; page_url to be added after verification
valley-public-television-inc,"Valley Public Television, Inc.",CA,KVPT-TV,"Valley Public Television, Inc. audited financial statements public documents",candidate from 990 watchlist; page_url to be added after verification
public-media-group-of-southern-california,Public Media Group of Southern California,CA,KCET-TV,Public Media Group of Southern California audited financial statements public documents,candidate from 990 watchlist; page_url to be added after verification
northern-california-educational-television-associa,"Northern California Educational Television Association, Inc.",CA,KIXE-TV,"Northern California Educational Television Association, Inc. audited financial statements public documents",candidate from 990 watchlist; page_url to be added after verification
kvie-inc,"KVIE, Inc.",CA,KVIE-TV,"KVIE, Inc. audited financial statements public documents",candidate from 990 watchlist; page_url to be added after verification
kqed-inc,KQED Inc.,CA,KQED-TV,KQED Inc. audited financial statements public documents,candidate from 990 watchlist; page_url to be added after verification
colorado-public-television-inc,"Colorado Public Television, Inc.",CO,KBDI-TV,"Colorado Public Television, Inc. audited financial statements public documents",candidate from 990 watchlist; page_url to be added after verification
rocky-mountain-public-broadcasting-network-inc,"Rocky Mountain Public Broadcasting Network, Inc.",CO,KRMA-TV,"Rocky Mountain Public Broadcasting Network, Inc. audited financial statements public documents",candidate from 990 watchlist; page_url to be added after verification
connecticut-public-broadcasting-inc,"Connecticut Public Broadcasting, Inc.",CT,Connecticut Network,"Connecticut Public Broadcasting, Inc. audited financial statements public documents",candidate from 990 watchlist; page_url to be added after verification
wjct-inc,"WJCT, Inc.",FL,WJCT-TV,"WJCT, Inc. audited financial statements public documents",candidate from 990 watchlist; page_url to be added after verification
south-florida-pbs-inc,"South Florida PBS, Inc.",FL,WPBT-TV,"South Florida PBS, Inc. audited financial statements public documents",candidate from 990 watchlist; page_url to be added after verification
the-school-board-of-miami-dade-county-florida,"The School Board of Miami-Dade County, Florida",FL,WLRN-TV,"The School Board of Miami-Dade County, Florida audited financial statements public documents",candidate from 990 watchlist; page_url to be added after verification
florida-west-coast-public-broadcasting-inc,"Florida West Coast Public Broadcasting, Inc.",FL,WEDU-TV,"Florida West Coast Public Broadcasting, Inc. audited financial statements public documents",candidate from 990 watchlist; page_url to be added after verification
guam-educational-telecommunications-corporation,Guam Educational Telecommunications Corporation,GU,KGTF-TV,Guam Educational Telecommunications Corporation audited financial statements public documents,candidate from 990 watchlist; page_url to be added after verification
hawaii-public-television-foundation,Hawaii Public Television Foundation,HI,Hawaii Public Television,Hawaii Public Television Foundation audited financial statements public documents,candidate from 990 watchlist; page_url to be added after verification
iowa-public-broadcasting-board,Iowa Public Broadcasting Board,IA,Iowa PBS,Iowa Public Broadcasting Board audited financial statements public documents,candidate from 990 watchlist; page_url to be added after verification
window-to-the-world-communications-inc,"Window to the World Communications, Inc.",IL,WTTW-TV,"Window to the World Communications, Inc. audited financial statements public documents",candidate from 990 watchlist; page_url to be added after verification
illinois-valley-public-telecommunications-corporat,Illinois Valley Public Telecommunications Corporation,IL,WTVP-TV,Illinois Valley Public Telecommunications Corporation audited financial statements public documents,candidate from 990 watchlist; page_url to be added after verification
wnin-tri-state-public-media-inc,"WNIN Tri-State Public Media, Inc.",IN,WNIN-TV,"WNIN Tri-State Public Media, Inc. audited financial statements public documents",candidate from 990 watchlist; page_url to be added after verification
fort-wayne-public-television-inc,"Fort Wayne Public Television, Inc.",IN,WFWA-TV,"Fort Wayne Public Television, Inc. audited financial statements public documents",candidate from 990 watchlist; page_url to be added after verification
metropolitan-indianapolis-public-media-inc,"Metropolitan Indianapolis Public Media, Inc.",IN,WFYI-TV,"Metropolitan Indianapolis Public Media, Inc. audited financial statements public documents",candidate from 990 watchlist; page_url to be added after verification
northwest-indiana-public-broadcasting-inc,"Northwest Indiana Public Broadcasting, Inc.",IN,WYIN-TV,"Northwest Indiana Public Broadcasting, Inc. audited financial statements public documents",candidate from 990 watchlist; page_url to be added after verification
michiana-public-broadcasting-corporation,Michiana Public Broadcasting Corporation,IN,WNIT-TV,Michiana Public Broadcasting Corporation audited financial statements public documents,candidate from 990 watchlist; page_url to be added after verification
smoky-hills-public-television,Smoky Hills Public Television,KS,KOOD-TV,Smoky Hills Public Television audited financial statements public documents,candidate from 990 watchlist; page_url to be added after verification
kansas-public-telecommunications-service-inc,"Kansas Public Telecommunications Service, Inc.",KS,KPTS-TV,"Kansas Public Telecommunications Service, Inc. audited financial statements public documents",candidate from 990 watchlist; page_url to be added after verification
kentucky-authority-for-educational-television,Kentucky Authority for Educational Television,KY,Kentucky Network,Kentucky Authority for Educational Television audited financial statements public documents,candidate from 990 watchlist; page_url to be added after verification
louisiana-educational-television-authority,Louisiana Educational Television Authority,LA,Louisiana Public Broadcasting Network,Louisiana Educational Television Authority audited financial statements public documents,candidate from 990 watchlist; page_url to be added after verification
educational-broadcasting-foundation-inc,"Educational Broadcasting Foundation, Inc.",LA,WLAE-TV,"Educational Broadcasting Foundation, Inc. audited financial statements public documents",candidate from 990 watchlist; page_url to be added after verification
greater-new-orleans-educational-television-foundat,Greater New Orleans Educational Television Foundation,LA,WYES-TV,Greater New Orleans Educational Television Foundation audited financial statements public documents,candidate from 990 watchlist; page_url to be added after verification
wgbh-educational-foundation,WGBH Educational Foundation,MA,WGBH-TV,WGBH Educational Foundation audited financial statements public documents,candidate from 990 watchlist; page_url to be added after verification
maryland-public-broadcasting-commission,Maryland Public Broadcasting Commission,MD,Maryland Network,Maryland Public Broadcasting Commission audited financial statements public documents,candidate from 990 watchlist; page_url to be added after verification
maine-public-broadcasting-corporation,Maine Public Broadcasting Corporation,ME,Maine Network,Maine Public Broadcasting Corporation audited financial statements public documents,candidate from 990 watchlist; page_url to be added after verification
detroit-educational-television-foundation,Detroit Educational Television Foundation,MI,WTVS-TV,Detroit Educational Television Foundation audited financial statements public documents,candidate from 990 watchlist; page_url to be added after verification
west-central-minnesota-etv-company,West Central Minnesota ETV Company,MN,KWCM-TV,West Central Minnesota ETV Company audited financial statements public documents,candidate from 990 watchlist; page_url to be added after verification
ksmq-public-service-media-inc,"KSMQ Public Service Media, Inc.",MN,KSMQ-TV,"KSMQ Public Service Media, Inc. audited financial statements public documents",candidate from 990 watchlist; page_url to be added after verification
northern-minnesota-public-television-inc,"Northern Minnesota Public Television, Inc.",MN,KAWE-TV,"Northern Minnesota Public Television, Inc. audited financial statements public documents",candidate from 990 watchlist; page_url to be added after verification
duluth-superior-area-educational-television-corpor,Duluth-Superior Area Educational Television Corporation,MN,WDSE-TV,Duluth-Superior Area Educational Television Corporation audited financial statements public documents,candidate from 990 watchlist; page_url to be added after verification
twin-cities-public-television-inc,"Twin Cities Public Television, Inc.",MN,KTCA-TV,"Twin Cities Public Television, Inc. audited financial statements public documents",candidate from 990 watchlist; page_url to be added after verification
public-television-19-inc,"Public Television 19, Inc.",MO,KCPT-TV,"Public Television 19, Inc. audited financial statements public documents",candidate from 990 watchlist; page_url to be added after verification
st-louis-regional-public-media-inc,"St. Louis Regional Public Media, Inc.",MO,KETC-TV,"St. Louis Regional Public Media, Inc. audited financial statements public documents",candidate from 990 watchlist; page_url to be added after verification
prairie-public-broadcasting-inc,"Prairie Public Broadcasting, Inc.",ND,Prairie Public Television,"Prairie Public Broadcasting, Inc. audited financial statements public documents",candidate from 990 watchlist; page_url to be added after verification
new-hampshire-public-broadcasting,New Hampshire Public Broadcasting,NH,New Hampshire Network,New Hampshire Public Broadcasting audited financial statements public documents,candidate from 990 watchlist; page_url to be added after verification
channel-5-public-broadcasting-inc,"Channel 5 Public Broadcasting, Inc.",NV,KNPB-TV,"Channel 5 Public Broadcasting, Inc. audited financial statements public documents",candidate from 990 watchlist; page_url to be added after verification
wskg-public-telecommunications-council,WSKG Public Telecommunications Council,NY,WSKG-TV,WSKG Public Telecommunications Council audited financial statements public documents,candidate from 990 watchlist; page_url to be added after verification
western-new-york-public-broadcasting-association,Western New York Public Broadcasting Association,NY,WNED-TV,Western New York Public Broadcasting Association audited financial statements public documents,candidate from 990 watchlist; page_url to be added after verification
wnet,WNET,NY,WNET-TV,WNET audited financial statements public documents,candidate from 990 watchlist; page_url to be added after verification
mountain-lake-public-telecommunications-council,Mountain Lake Public Telecommunications Council,NY,WCFE-TV,Mountain Lake Public Telecommunications Council audited financial statements public documents,candidate from 990 watchlist; page_url to be added after verification
wxxi-public-broadcasting-council,WXXI Public Broadcasting Council,NY,WXXI-TV,WXXI Public Broadcasting Council audited financial statements public documents,candidate from 990 watchlist; page_url to be added after verification
wmht-educational-telecommunications,WMHT Educational Telecommunications,NY,WMHT-TV,WMHT Educational Telecommunications audited financial statements public documents,candidate from 990 watchlist; page_url to be added after verification
the-public-broadcasting-council-of-central-new-yor,"The Public Broadcasting Council of Central New York, Inc.",NY,WCNY-TV,"The Public Broadcasting Council of Central New York, Inc. audited financial statements public documents",candidate from 990 watchlist; page_url to be added after verification
st-lawrence-valley-educational-television-council-,"St. Lawrence Valley Educational Television Council, Inc.",NY,WPBS-TV,"St. Lawrence Valley Educational Television Council, Inc. audited financial statements public documents",candidate from 990 watchlist; page_url to be added after verification
northeastern-educational-television-of-ohio-inc,"Northeastern Educational Television of Ohio, Inc.",OH,WNEO-TV,"Northeastern Educational Television of Ohio, Inc. audited financial statements public documents",candidate from 990 watchlist; page_url to be added after verification
the-greater-cincinnati-television-educational-foun,The Greater Cincinnati Television Educational Foundation,OH,WCET-TV,The Greater Cincinnati Television Educational Foundation audited financial statements public documents,candidate from 990 watchlist; page_url to be added after verification
ideastream,Ideastream,OH,WVIZ-TV,Ideastream audited financial statements public documents,candidate from 990 watchlist; page_url to be added after verification
greater-dayton-public-television-inc,"Greater Dayton Public Television, Inc.",OH,WPTD-TV,"Greater Dayton Public Television, Inc. audited financial statements public documents",candidate from 990 watchlist; page_url to be added after verification
public-broadcasting-foundation-of-northwest-ohio,Public Broadcasting Foundation of Northwest Ohio,OH,WGTE-TV,Public Broadcasting Foundation of Northwest Ohio audited financial statements public documents,candidate from 990 watchlist; page_url to be added after verification
southern-oregon-public-television-inc,"Southern Oregon Public Television, Inc.",OR,KSYS-TV,"Southern Oregon Public Television, Inc. audited financial statements public documents",candidate from 990 watchlist; page_url to be added after verification
lehigh-valley-public-telecommunications-corporatio,Lehigh Valley Public Telecommunications Corporation,PA,WLVT-TV,Lehigh Valley Public Telecommunications Corporation audited financial statements public documents,candidate from 990 watchlist; page_url to be added after verification
public-broadcasting-of-northwest-pennsylvania-inc,"Public Broadcasting of Northwest Pennsylvania, Inc.",PA,WQLN-TV,"Public Broadcasting of Northwest Pennsylvania, Inc. audited financial statements public documents",candidate from 990 watchlist; page_url to be added after verification
witf-inc,"WITF, Inc.",PA,WITF-TV,"WITF, Inc. audited financial statements public documents",candidate from 990 watchlist; page_url to be added after verification
whyy-inc,"WHYY, Inc.",PA,WHYY-TV,"WHYY, Inc. audited financial statements public documents",candidate from 990 watchlist; page_url to be added after verification
wqed-multimedia,WQED Multimedia,PA,WQED-TV,WQED Multimedia audited financial statements public documents,candidate from 990 watchlist; page_url to be added after verification
northeastern-pennsylvania-educational-television-a,Northeastern Pennsylvania Educational Television Association,PA,WVIA-TV,Northeastern Pennsylvania Educational Television Association audited financial statements public documents,candidate from 990 watchlist; page_url to be added after verification
sistema-universitario-ana-g-mendez-inc,"Sistema Universitario Ana G. Mendez, Inc.",PR,WMTJ-TV,"Sistema Universitario Ana G. Mendez, Inc. audited financial statements public documents",candidate from 990 watchlist; page_url to be added after verification
puerto-rico-public-broadcasting-corporation,Puerto Rico Public Broadcasting Corporation,PR,WIPR-TV,Puerto Rico Public Broadcasting Corporation audited financial statements public documents,candidate from 990 watchlist; page_url to be added after verification
rhode-island-pbs-foundation,Rhode Island PBS Foundation,RI,WSBE-TV,Rhode Island PBS Foundation audited financial statements public documents,candidate from 990 watchlist; page_url to be added after verification
the-greater-chattanooga-public-television-corporat,The Greater Chattanooga Public Television Corporation,TN,WTCI-TV,The Greater Chattanooga Public Television Corporation audited financial statements public documents,candidate from 990 watchlist; page_url to be added after verification
east-tennessee-public-communications-corporation,East Tennessee Public Communications Corporation,TN,WETP-TV,East Tennessee Public Communications Corporation audited financial statements public documents,candidate from 990 watchlist; page_url to be added after verification
west-tennessee-public-television-council-inc,"West Tennessee Public Television Council, Inc.",TN,WLJT-TV,"West Tennessee Public Television Council, Inc. audited financial statements public documents",candidate from 990 watchlist; page_url to be added after verification
the-mid-south-public-communications-foundation-inc,"The Mid-South Public Communications Foundation, Inc.",TN,WKNO-TV,"The Mid-South Public Communications Foundation, Inc. audited financial statements public documents",candidate from 990 watchlist; page_url to be added after verification
nashville-public-television-inc,"Nashville Public Television, Inc.",TN,WNPT-TV,"Nashville Public Television, Inc. audited financial statements public documents",candidate from 990 watchlist; page_url to be added after verification
upper-cumberland-broadcast-council,Upper Cumberland Broadcast Council,TN,WCTE-TV,Upper Cumberland Broadcast Council audited financial statements public documents,candidate from 990 watchlist; page_url to be added after verification
capital-of-texas-public-telecommunications-council,Capital of Texas Public Telecommunications Council,TX,KLRU-TV,Capital of Texas Public Telecommunications Council audited financial statements public documents,candidate from 990 watchlist; page_url to be added after verification
alamo-public-telecommunications-council,Alamo Public Telecommunications Council,TX,KLRN-TV,Alamo Public Telecommunications Council audited financial statements public documents,candidate from 990 watchlist; page_url to be added after verification
south-texas-public-broadcasting-system-inc,"South Texas Public Broadcasting System, Inc.",TX,KEDT-TV,"South Texas Public Broadcasting System, Inc. audited financial statements public documents",candidate from 990 watchlist; page_url to be added after verification
north-texas-public-broadcasting-inc,"North Texas Public Broadcasting, Inc.",TX,KERA-TV,"North Texas Public Broadcasting, Inc. audited financial statements public documents",candidate from 990 watchlist; page_url to be added after verification
permian-basin-public-telecommunications-inc,"Permian Basin Public Telecommunications, Inc.",TX,KPBT-TV,"Permian Basin Public Telecommunications, Inc. audited financial statements public documents",candidate from 990 watchlist; page_url to be added after verification
utah-state-board-of-regents,Utah State Board of Regents,UT,KUEN-TV,Utah State Board of Regents audited financial statements public documents,candidate from 990 watchlist; page_url to be added after verification
the-greater-washington-educational-telecommunicati,"The Greater Washington Educational Telecommunications Association, Inc.",VA,WETA-TV,"The Greater Washington Educational Telecommunications Association, Inc. audited financial statements public documents",candidate from 990 watchlist; page_url to be added after verification
hampton-roads-educational-telecommunications-assoc,"Hampton Roads Educational Telecommunications Association, Inc.",VA,WHRO-TV,"Hampton Roads Educational Telecommunications Association, Inc. audited financial statements public documents",candidate from 990 watchlist; page_url to be added after verification
vpm-media-corporation,VPM Media Corporation,VA,WCVE-TV,VPM Media Corporation audited financial statements public documents,candidate from 990 watchlist; page_url to be added after verification
blue-ridge-public-television-inc,"Blue Ridge Public Television, Inc.",VA,WBRA-TV,"Blue Ridge Public Television, Inc. audited financial statements public documents",candidate from 990 watchlist; page_url to be added after verification
virgin-islands-public-broadcasting-system,Virgin Islands Public Broadcasting System,VI,WTJX-TV,Virgin Islands Public Broadcasting System audited financial statements public documents,candidate from 990 watchlist; page_url to be added after verification
vermont-public-co,Vermont Public Co.,VT,Vermont PBS,Vermont Public Co. audited financial statements public documents,candidate from 990 watchlist; page_url to be added after verification
cascade-public-media,Cascade Public Media,WA,KCTS-TV,Cascade Public Media audited financial statements public documents,candidate from 990 watchlist; page_url to be added after verification
friends-of-ksps,Friends of KSPS,WA,KSPS-TV,Friends of KSPS audited financial statements public documents,candidate from 990 watchlist; page_url to be added after verification
koahnic-broadcast-corporation,Koahnic Broadcast Corporation,AK,KNBA-FM,Koahnic Broadcast Corporation audited financial statements public documents,candidate from 990 watchlist; page_url to be added after verification
silakkuagvik-communications-inc,"Silakkuagvik Communications, Inc.",AK,KBRW-AM,"Silakkuagvik Communications, Inc. audited financial statements public documents",candidate from 990 watchlist; page_url to be added after verification
gwandak-public-broadcasting-inc,"Gwandak Public Broadcasting, Inc.",AK,KZPA-AM,"Gwandak Public Broadcasting, Inc. audited financial statements public documents",candidate from 990 watchlist; page_url to be added after verification
big-river-public-broadcasting-corporation,Big River Public Broadcasting Corporation,AK,KIYU-FM,Big River Public Broadcasting Corporation audited financial statements public documents,candidate from 990 watchlist; page_url to be added after verification
lynn-canal-broadcasting,Lynn Canal Broadcasting,AK,KHNS-FM,Lynn Canal Broadcasting audited financial statements public documents,candidate from 990 watchlist; page_url to be added after verification
kachemak-bay-broadcasting-inc,"Kachemak Bay Broadcasting, Inc.",AK,KBBI-AM,"Kachemak Bay Broadcasting, Inc. audited financial statements public documents",candidate from 990 watchlist; page_url to be added after verification
rainbird-community-broadcasting-corporation,Rainbird Community Broadcasting Corporation,AK,KRBD-FM,Rainbird Community Broadcasting Corporation audited financial statements public documents,candidate from 990 watchlist; page_url to be added after verification
kodiak-public-broadcasting-corporation,Kodiak Public Broadcasting Corporation,AK,KMXT-FM,Kodiak Public Broadcasting Corporation audited financial statements public documents,candidate from 990 watchlist; page_url to be added after verification
kotzebue-broadcasting-inc,"Kotzebue Broadcasting, Inc",AK,KOTZ-AM,"Kotzebue Broadcasting, Inc audited financial statements public documents",candidate from 990 watchlist; page_url to be added after verification
kuskokwim-public-broadcasting-corporation,Kuskokwim Public Broadcasting Corporation,AK,KSKO-FM,Kuskokwim Public Broadcasting Corporation audited financial statements public documents,candidate from 990 watchlist; page_url to be added after verification
narrows-broadcasting-corporation,Narrows Broadcasting Corporation,AK,KFSK-FM,Narrows Broadcasting Corporation audited financial statements public documents,candidate from 990 watchlist; page_url to be added after verification
aleutian-peninsula-broadcasting-inc,"Aleutian Peninsula Broadcasting, Inc.",AK,KSDP-AM,"Aleutian Peninsula Broadcasting, Inc. audited financial statements public documents",candidate from 990 watchlist; page_url to be added after verification
raven-radio-foundation-inc,"Raven Radio Foundation, Inc.",AK,KCAW-FM,"Raven Radio Foundation, Inc. audited financial statements public documents",candidate from 990 watchlist; page_url to be added after verification
talkeetna-community-radio-inc,"Talkeetna Community Radio, Inc.",AK,KTNA-FM,"Talkeetna Community Radio, Inc. audited financial statements public documents",candidate from 990 watchlist; page_url to be added after verification
unakleet-broadcasting-inc,"Unakleet Broadcasting, Inc.",AK,KNSA-AM,"Unakleet Broadcasting, Inc. audited financial statements public documents",candidate from 990 watchlist; page_url to be added after verification
unalaska-community-broadcasting-inc,"Unalaska Community Broadcasting, Inc.",AK,KUCB-FM,"Unalaska Community Broadcasting, Inc. audited financial statements public documents",candidate from 990 watchlist; page_url to be added after verification
terminal-radio-inc,Terminal Radio Inc.,AK,KCHU-AM,Terminal Radio Inc. audited financial statements public documents,candidate from 990 watchlist; page_url to be added after verification
coastalaska-inc,"CoastAlaska, Inc.",AK,KSTK-FM,"CoastAlaska, Inc. audited financial statements public documents",candidate from 990 watchlist; page_url to be added after verification
pickle-hill-public-broadcasting-inc,"Pickle Hill Public Broadcasting, Inc.",AK,KDLL-FM,"Pickle Hill Public Broadcasting, Inc. audited financial statements public documents",candidate from 990 watchlist; page_url to be added after verification
athabascan-fiddlers-association-inc,"Athabascan Fiddlers Association, Inc.",AK,KRFF-FM,"Athabascan Fiddlers Association, Inc. audited financial statements public documents",candidate from 990 watchlist; page_url to be added after verification
foundation-for-creative-broadcasting-inc,"Foundation for Creative Broadcasting, Inc.",AZ,KXCI-FM,"Foundation for Creative Broadcasting, Inc. audited financial statements public documents",candidate from 990 watchlist; page_url to be added after verification
apache-radio-broadcasting-corporation,Apache Radio Broadcasting Corporation,AZ,KNNB-FM,Apache Radio Broadcasting Corporation audited financial statements public documents,candidate from 990 watchlist; page_url to be added after verification
the-hopi-foundation,The Hopi Foundation,AZ,KUYI-FM,The Hopi Foundation audited financial statements public documents,candidate from 990 watchlist; page_url to be added after verification
tuba-city-high-school-board-inc,"Tuba City High School Board, Inc.",AZ,KGHR-FM,"Tuba City High School Board, Inc. audited financial statements public documents",candidate from 990 watchlist; page_url to be added after verification
tohono-o-odham-nation,Tohono O'odham Nation,AZ,KOHN-FM,Tohono O'odham Nation audited financial statements public documents,candidate from 990 watchlist; page_url to be added after verification
chico-state-enterprises,Chico State Enterprises,CA,KCHO-FM,Chico State Enterprises audited financial statements public documents,candidate from 990 watchlist; page_url to be added after verification
radio-bilingue-inc,"Radio Bilingue, Inc.",CA,KSJV-FM,"Radio Bilingue, Inc. audited financial statements public documents",candidate from 990 watchlist; page_url to be added after verification
hoopa-valley-tribe,Hoopa Valley Tribe,CA,KIDE-FM,Hoopa Valley Tribe audited financial statements public documents,candidate from 990 watchlist; page_url to be added after verification
nevada-city-community-broadcast-group,Nevada City Community Broadcast Group,CA,KVMR-FM,Nevada City Community Broadcast Group audited financial statements public documents,candidate from 990 watchlist; page_url to be added after verification
mendocino-county-public-broadcasting,Mendocino County Public Broadcasting,CA,KZYX-FM,Mendocino County Public Broadcasting audited financial statements public documents,candidate from 990 watchlist; page_url to be added after verification
redwood-community-radio,Redwood Community Radio,CA,KMUD-FM,Redwood Community Radio audited financial statements public documents,candidate from 990 watchlist; page_url to be added after verification
kcbx-inc,"KCBX, Inc.",CA,KCBX-FM,"KCBX, Inc. audited financial statements public documents",candidate from 990 watchlist; page_url to be added after verification
white-ash-broadcasting-inc,"White Ash Broadcasting, Inc.",CA,KVPR-FM,"White Ash Broadcasting, Inc. audited financial statements public documents",candidate from 990 watchlist; page_url to be added after verification
kwmr-inc,"KWMR, Inc.",CA,KWMR-FM,"KWMR, Inc. audited financial statements public documents",candidate from 990 watchlist; page_url to be added after verification
golden-valley-community-broadcasters,Golden Valley Community Broadcasters,CA,KZFR-FM,Golden Valley Community Broadcasters audited financial statements public documents,candidate from 990 watchlist; page_url to be added after verification
laguna-radio-inc,Laguna Radio Inc.,CA,KXRN-LP,Laguna Radio Inc. audited financial statements public documents,candidate from 990 watchlist; page_url to be added after verification
equal-rep-of-media-advocacy-corp,Equal Rep. of Media Advocacy Corp.,CO,KRZA-FM,Equal Rep. of Media Advocacy Corp. audited financial statements public documents,candidate from 990 watchlist; page_url to be added after verification
roaring-fork-public-radio-inc,"Roaring Fork Public Radio, Inc.",CO,KAJX-FM,"Roaring Fork Public Radio, Inc. audited financial statements public documents",candidate from 990 watchlist; page_url to be added after verification
carbondale-community-access-radio,Carbondale Community Access Radio,CO,KDNK-FM,Carbondale Community Access Radio audited financial statements public documents,candidate from 990 watchlist; page_url to be added after verification
boulder-community-broadcast-association-inc,"Boulder Community Broadcast Association, Inc.",CO,KGNU-FM,"Boulder Community Broadcast Association, Inc. audited financial statements public documents",candidate from 990 watchlist; page_url to be added after verification
community-radio-project-inc,"Community Radio Project, Inc.",CO,KZET-FM,"Community Radio Project, Inc. audited financial statements public documents",candidate from 990 watchlist; page_url to be added after verification
crested-butte-mountain-educational-radio-inc,Crested Butte Mountain Educational Radio Inc.,CO,KBUT-FM,Crested Butte Mountain Educational Radio Inc. audited financial statements public documents,candidate from 990 watchlist; page_url to be added after verification
public-broadcasting-of-colorado-inc,"Public Broadcasting of Colorado, Inc.",CO,KVOD-FM,"Public Broadcasting of Colorado, Inc. audited financial statements public documents",candidate from 990 watchlist; page_url to be added after verification
community-radio-for-northern-colorado,Community Radio for Northern Colorado,CO,KUNC-FM,Community Radio for Northern Colorado audited financial statements public documents,candidate from 990 watchlist; page_url to be added after verification
kute-inc,"KUTE, Inc.",CO,KSUT-FM,"KUTE, Inc. audited financial statements public documents",candidate from 990 watchlist; page_url to be added after verification
north-fork-valley-public-radio-inc,"North Fork Valley Public Radio, Inc.",CO,KVNF-FM,"North Fork Valley Public Radio, Inc. audited financial statements public documents",candidate from 990 watchlist; page_url to be added after verification
san-miguel-educational-fund,San Miguel Educational Fund,CO,KOTO-FM,San Miguel Educational Fund audited financial statements public documents,candidate from 990 watchlist; page_url to be added after verification
pulbic-radio-for-the-front-range,Pulbic Radio for the Front Range,CO,KRFC-FM,Pulbic Radio for the Front Range audited financial statements public documents,candidate from 990 watchlist; page_url to be added after verification
grand-valley-public-radio-company-inc,"Grand Valley Public Radio Company, Inc.",CO,KAFM-FM,"Grand Valley Public Radio Company, Inc. audited financial statements public documents",candidate from 990 watchlist; page_url to be added after verification
cheyenne-mountain-public-broadcast-house-inc,"Cheyenne Mountain Public Broadcast House, Inc.",CO,KCME-FM,"Cheyenne Mountain Public Broadcast House, Inc. audited financial statements public documents",candidate from 990 watchlist; page_url to be added after verification
town-of-monroe-connecticut,"Town of Monroe, Connecticut",CT,WMNR-FM,"Town of Monroe, Connecticut audited financial statements public documents",candidate from 990 watchlist; page_url to be added after verification
tri-state-public-communications-inc,"Tri-State Public Communications, Inc.",CT,WHDD-FM,"Tri-State Public Communications, Inc. audited financial statements public documents",candidate from 990 watchlist; page_url to be added after verification
delaware-first-media-corporation,Delaware First Media Corporation,DE,WDDE-FM,Delaware First Media Corporation audited financial statements public documents,candidate from 990 watchlist; page_url to be added after verification
bascomb-memorial-broadcasting-foundation-inc,"Bascomb Memorial Broadcasting Foundation, Inc.",FL,WDNA-FM,"Bascomb Memorial Broadcasting Foundation, Inc. audited financial statements public documents",candidate from 990 watchlist; page_url to be added after verification
community-communications-inc,"Community Communications, Inc.",FL,WMFE-FM,"Community Communications, Inc. audited financial statements public documents",candidate from 990 watchlist; page_url to be added after verification
nathan-b-stubblefield-foundation,Nathan B. Stubblefield Foundation,FL,WMNF-FM,Nathan B. Stubblefield Foundation audited financial statements public documents,candidate from 990 watchlist; page_url to be added after verification
guam-educational-radio-foundation,Guam Educational Radio Foundation,GU,KPRG-FM,Guam Educational Radio Foundation audited financial statements public documents,candidate from 990 watchlist; page_url to be added after verification
hawaii-public-radio,Hawaii Public Radio,HI,KHPR-FM,Hawaii Public Radio audited financial statements public documents,candidate from 990 watchlist; page_url to be added after verification
kekahu-foundation-inc,"Kekahu Foundation, Inc.",HI,KKCR-FM,"Kekahu Foundation, Inc. audited financial statements public documents",candidate from 990 watchlist; page_url to be added after verification
iowa-public-radio-inc,"Iowa Public Radio, Inc.",IA,WOI-FM,"Iowa Public Radio, Inc. audited financial statements public documents",candidate from 990 watchlist; page_url to be added after verification
nez-perce-tribe,Nez Perce Tribe,ID,KIYE-FM,Nez Perce Tribe audited financial statements public documents,candidate from 990 watchlist; page_url to be added after verification
chicago-public-media-inc,"Chicago Public Media, Inc.",IL,WBEZ-FM,"Chicago Public Media, Inc. audited financial statements public documents",candidate from 990 watchlist; page_url to be added after verification
quad-cities-community-broadcasting-group,Quad Cities Community Broadcasting Group,IL,WGVV-LP,Quad Cities Community Broadcasting Group audited financial statements public documents,candidate from 990 watchlist; page_url to be added after verification
elkhart-community-schools-corp,Elkhart Community Schools Corp.,IN,WVPE-FM,Elkhart Community Schools Corp. audited financial statements public documents,candidate from 990 watchlist; page_url to be added after verification
northeast-indiana-public-radio-inc,"Northeast Indiana Public Radio, Inc.",IN,WBOI-FM,"Northeast Indiana Public Radio, Inc. audited financial statements public documents",candidate from 990 watchlist; page_url to be added after verification
bloomington-community-radio-inc,"Bloomington Community Radio, Inc.",IN,WFHB-FM,"Bloomington Community Radio, Inc. audited financial statements public documents",candidate from 990 watchlist; page_url to be added after verification
the-kanza-society-inc,"The Kanza Society, Inc.",KS,KANZ-FM,"The Kanza Society, Inc. audited financial statements public documents",candidate from 990 watchlist; page_url to be added after verification
kentucky-public-radio-inc,"Kentucky Public Radio, Inc.",KY,WFPK-FM,"Kentucky Public Radio, Inc. audited financial statements public documents",candidate from 990 watchlist; page_url to be added after verification
appalshop-inc,Appalshop Inc.,KY,WMMT-FM,Appalshop Inc. audited financial statements public documents,candidate from 990 watchlist; page_url to be added after verification
public-radio-inc,"Public Radio, Inc.",LA,WRKF-FM,"Public Radio, Inc. audited financial statements public documents",candidate from 990 watchlist; page_url to be added after verification
the-friends-of-wwoz-inc,"The Friends of WWOZ, Inc.",LA,WWOZ-FM,"The Friends of WWOZ, Inc. audited financial statements public documents",candidate from 990 watchlist; page_url to be added after verification
wicn-public-radio-inc,"WICN Public Radio, Inc.",MA,WICN-FM,"WICN Public Radio, Inc. audited financial statements public documents",candidate from 990 watchlist; page_url to be added after verification
lower-cape-communications-inc,"Lower Cape Communications, Inc.",MA,WOMR-FM,"Lower Cape Communications, Inc. audited financial statements public documents",candidate from 990 watchlist; page_url to be added after verification
friends-of-mvyradio-inc,"Friends of mvyradio, Inc.",MA,WMVY-FM,"Friends of mvyradio, Inc. audited financial statements public documents",candidate from 990 watchlist; page_url to be added after verification
wypr-license-holding-llc,WYPR License Holding LLC,MD,WYPR-FM,WYPR License Holding LLC audited financial statements public documents,candidate from 990 watchlist; page_url to be added after verification
salt-pond-community-broadcasting-co,Salt Pond Community Broadcasting Co.,ME,WERU-FM,Salt Pond Community Broadcasting Co. audited financial statements public documents,candidate from 990 watchlist; page_url to be added after verification
interlochen-center-for-the-arts,Interlochen Center for the Arts,MI,WIAA-FM,Interlochen Center for the Arts audited financial statements public documents,candidate from 990 watchlist; page_url to be added after verification
blue-lake-fine-arts-camp,Blue Lake Fine Arts Camp,MI,WBLV-FM,Blue Lake Fine Arts Camp audited financial statements public documents,candidate from 990 watchlist; page_url to be added after verification
detroit-classical-and-jazz-educational-radio-llc,Detroit Classical and Jazz Educational Radio LLC,MI,WRCJ-FM,Detroit Classical and Jazz Educational Radio LLC audited financial statements public documents,candidate from 990 watchlist; page_url to be added after verification
west-michigan-community-help-network,West Michigan Community Help Network,MI,WUVS-LP,West Michigan Community Help Network audited financial statements public documents,candidate from 990 watchlist; page_url to be added after verification
minnesota-public-radio,Minnesota Public Radio,MN,KBPR-FM,Minnesota Public Radio audited financial statements public documents,candidate from 990 watchlist; page_url to be added after verification
northern-community-radio-inc,"Northern Community Radio, Inc.",MN,KAXE-FM,"Northern Community Radio, Inc. audited financial statements public documents",candidate from 990 watchlist; page_url to be added after verification
fresh-air-incorporated,Fresh Air Incorporated,MN,KFAI-FM,Fresh Air Incorporated audited financial statements public documents,candidate from 990 watchlist; page_url to be added after verification
cook-county-community-radio-corporation,Cook County Community Radio Corporation,MN,WTIP-FM,Cook County Community Radio Corporation audited financial statements public documents,candidate from 990 watchlist; page_url to be added after verification
center-for-communication-and-development,Center for Communication and Development,MN,KMOJ-FM,Center for Communication and Development audited financial statements public documents,candidate from 990 watchlist; page_url to be added after verification
white-earth-land-recovery-project,White Earth Land Recovery Project,MN,KKWE-FM,White Earth Land Recovery Project audited financial statements public documents,candidate from 990 watchlist; page_url to be added after verification
bois-forte-tribal-council,Bois Forte Tribal Council,MN,KBFT-FM,Bois Forte Tribal Council audited financial statements public documents,candidate from 990 watchlist; page_url to be added after verification
leech-lake-band-of-ojibwe,Leech Lake Band of Ojibwe,MN,KOJB-FM,Leech Lake Band of Ojibwe audited financial statements public documents,candidate from 990 watchlist; page_url to be added after verification
new-wave-corporation,New Wave Corporation,MO,KOPN-FM,New Wave Corporation audited financial statements public documents,candidate from 990 watchlist; page_url to be added after verification
mid-coast-radio-project-inc,"Mid-Coast Radio Project, Inc.",MO,KKFI-FM,"Mid-Coast Radio Project, Inc. audited financial statements public documents",candidate from 990 watchlist; page_url to be added after verification
double-helix-corporation,Double Helix Corporation,MO,KDHX-FM,Double Helix Corporation audited financial statements public documents,candidate from 990 watchlist; page_url to be added after verification
western-north-carolina-public-radio-inc,"Western North Carolina Public Radio, Inc.",NC,WCQS-FM,"Western North Carolina Public Radio, Inc. audited financial statements public documents",candidate from 990 watchlist; page_url to be added after verification
wunc-public-radio-llc,"WUNC Public Radio, LLC",NC,WUNC-FM,"WUNC Public Radio, LLC audited financial statements public documents",candidate from 990 watchlist; page_url to be added after verification
friends-of-public-radio-inc,"Friends of Public Radio, Inc.",NC,WHQR-FM,"Friends of Public Radio, Inc. audited financial statements public documents",candidate from 990 watchlist; page_url to be added after verification
keya-inc,"KEYA, Inc.",ND,KEYA-FM,"KEYA, Inc. audited financial statements public documents",candidate from 990 watchlist; page_url to be added after verification
fort-berthold-communication-enterprise,Fort Berthold Communication Enterprise,ND,KMHA-FM,Fort Berthold Communication Enterprise audited financial statements public documents,candidate from 990 watchlist; page_url to be added after verification
dakota-circle-tipi-inc,"Dakota Circle Tipi, Inc.",ND,KABU-FM,"Dakota Circle Tipi, Inc. audited financial statements public documents",candidate from 990 watchlist; page_url to be added after verification
sunrise-communications-inc,"Sunrise Communications, Inc.",NE,KZUM-FM,"Sunrise Communications, Inc. audited financial statements public documents",candidate from 990 watchlist; page_url to be added after verification
new-hampshire-public-radio-incorporated,"New Hampshire Public Radio, Incorporated",NH,"New Hampshire Public Radio, Inc.","New Hampshire Public Radio, Incorporated audited financial statements public documents",candidate from 990 watchlist; page_url to be added after verification
newark-public-radio-inc,"Newark Public Radio, Inc.",NJ,WBGO-FM,"Newark Public Radio, Inc. audited financial statements public documents",candidate from 990 watchlist; page_url to be added after verification
auricle-communications,Auricle Communications,NJ,WFMU-FM,Auricle Communications audited financial statements public documents,candidate from 990 watchlist; page_url to be added after verification
jicarilla-apache-tribe,Jicarilla Apache Tribe,NM,KCIE-FM,Jicarilla Apache Tribe audited financial statements public documents,candidate from 990 watchlist; page_url to be added after verification
ramah-navajo-school-board-inc,"Ramah Navajo School Board, Inc.",NM,KTDB-FM,"Ramah Navajo School Board, Inc. audited financial statements public documents",candidate from 990 watchlist; page_url to be added after verification
zuni-communications-authority,Zuni Communications Authority,NM,KSHI-FM,Zuni Communications Authority audited financial statements public documents,candidate from 990 watchlist; page_url to be added after verification
gallup-public-radio,Gallup Public Radio,NM,KGLP-FM,Gallup Public Radio audited financial statements public documents,candidate from 990 watchlist; page_url to be added after verification
the-american-general-media-foundation,The American General Media Foundation,NM,KHFM-FM,The American General Media Foundation audited financial statements public documents,candidate from 990 watchlist; page_url to be added after verification
nevada-public-radio,Nevada Public Radio,NV,KNPR-FM,Nevada Public Radio audited financial statements public documents,candidate from 990 watchlist; page_url to be added after verification
wamc,WAMC,NY,WAMC-FM,WAMC audited financial statements public documents,candidate from 990 watchlist; page_url to be added after verification
radio-catskill-inc,"Radio Catskill, Inc.",NY,WJFF-FM,"Radio Catskill, Inc. audited financial statements public documents",candidate from 990 watchlist; page_url to be added after verification
cincinnati-public-radio-inc,"Cincinnati Public Radio, Inc.",OH,WGUC-FM,"Cincinnati Public Radio, Inc. audited financial statements public documents",candidate from 990 watchlist; page_url to be added after verification
dayton-public-radio-inc,"Dayton Public Radio, Inc.",OH,WDPR-FM,"Dayton Public Radio, Inc. audited financial statements public documents",candidate from 990 watchlist; page_url to be added after verification
miami-valley-public-media-inc,"Miami Valley Public Media, Inc.",OH,WYSO-FM,"Miami Valley Public Media, Inc. audited financial statements public documents",candidate from 990 watchlist; page_url to be added after verification
maple-knoll-communities-inc,"Maple Knoll Communities, Inc.",OH,WMKV-FM,"Maple Knoll Communities, Inc. audited financial statements public documents",candidate from 990 watchlist; page_url to be added after verification
tillicum-foundation,Tillicum Foundation,OR,KMUN-FM,Tillicum Foundation audited financial statements public documents,candidate from 990 watchlist; page_url to be added after verification
the-kboo-foundation,The KBOO Foundation,OR,KBOO-FM,The KBOO Foundation audited financial statements public documents,candidate from 990 watchlist; page_url to be added after verification
all-classical-public-media-inc,"All Classical Public Media, Inc.",OR,KQAC-FM,"All Classical Public Media, Inc. audited financial statements public documents",candidate from 990 watchlist; page_url to be added after verification
confederated-tribes-of-warm-springs,Confederated Tribes of Warm Springs,OR,KWSO-FM,Confederated Tribes of Warm Springs audited financial statements public documents,candidate from 990 watchlist; page_url to be added after verification
confederated-tribes-of-the-umatilla-indian-reserva,Confederated Tribes of the Umatilla Indian Reservation,OR,KCUW-LP,Confederated Tribes of the Umatilla Indian Reservation audited financial statements public documents,candidate from 990 watchlist; page_url to be added after verification
lehigh-valley-community-broadcasters-association,Lehigh Valley Community Broadcasters Association,PA,WDIY-FM,Lehigh Valley Community Broadcasters Association audited financial statements public documents,candidate from 990 watchlist; page_url to be added after verification
spanish-american-civic-association-for-equality-in,"Spanish American Civic Association for Equality, Inc.",PA,WLCH-FM,"Spanish American Civic Association for Equality, Inc. audited financial statements public documents",candidate from 990 watchlist; page_url to be added after verification
pittsburgh-community-broadcasting-corporation,Pittsburgh Community Broadcasting Corporation,PA,WYEP-FM,Pittsburgh Community Broadcasting Corporation audited financial statements public documents,candidate from 990 watchlist; page_url to be added after verification
rhode-island-public-radio,Rhode Island Public Radio,RI,WNPE-FM,Rhode Island Public Radio audited financial statements public documents,candidate from 990 watchlist; page_url to be added after verification
lakota-communications-inc,"Lakota Communications, Inc.",SD,KILI-FM,"Lakota Communications, Inc. audited financial statements public documents",candidate from 990 watchlist; page_url to be added after verification
seventh-generation-media-services-inc,"Seventh Generation Media Services, Inc.",SD,KLND-FM,"Seventh Generation Media Services, Inc. audited financial statements public documents",candidate from 990 watchlist; page_url to be added after verification
native-american-community-board-inc,"Native American Community Board, Inc.",SD,KDKO-FM,"Native American Community Board, Inc. audited financial statements public documents",candidate from 990 watchlist; page_url to be added after verification
rosebud-sioux-tribe,Rosebud Sioux Tribe,SD,KOYA-FM,Rosebud Sioux Tribe audited financial statements public documents,candidate from 990 watchlist; page_url to be added after verification
nashville-public-radio,Nashville Public Radio,TN,WPLN-FM,Nashville Public Radio audited financial statements public documents,candidate from 990 watchlist; page_url to be added after verification
cumberland-communities-communications-corporation,Cumberland Communities Communications Corporation,TN,WDVX-FM,Cumberland Communities Communications Corporation audited financial statements public documents,candidate from 990 watchlist; page_url to be added after verification
marfa-public-radio-corporation,Marfa Public Radio Corporation,TX,KXWT-FM,Marfa Public Radio Corporation audited financial statements public documents,candidate from 990 watchlist; page_url to be added after verification
brazos-valley-public-broadcasting-foundation,Brazos Valley Public Broadcasting Foundation,TX,KWBU-FM,Brazos Valley Public Broadcasting Foundation audited financial statements public documents,candidate from 990 watchlist; page_url to be added after verification
capitol-broadcasting-association-inc,"Capitol Broadcasting Association, Inc.",TX,KMFA-FM,"Capitol Broadcasting Association, Inc. audited financial statements public documents",candidate from 990 watchlist; page_url to be added after verification
community-wireless-of-park-city-inc,"Community Wireless of Park City, Inc.",UT,KPCW-FM,"Community Wireless of Park City, Inc. audited financial statements public documents",candidate from 990 watchlist; page_url to be added after verification
listeners-community-radio-of-utah-inc,"Listeners Community Radio of Utah, Inc.",UT,KRCL-FM,"Listeners Community Radio of Utah, Inc. audited financial statements public documents",candidate from 990 watchlist; page_url to be added after verification
virginia-tech-foundation-inc,"Virginia Tech Foundation, Inc.",VA,WVTF-FM,"Virginia Tech Foundation, Inc. audited financial statements public documents",candidate from 990 watchlist; page_url to be added after verification
stu-comm-inc,"STU-COMM, Inc.",VA,WNRN-FM,"STU-COMM, Inc. audited financial statements public documents",candidate from 990 watchlist; page_url to be added after verification
northwest-communities-education-center,Northwest Communities' Education Center,WA,KDNA-FM,Northwest Communities' Education Center audited financial statements public documents,candidate from 990 watchlist; page_url to be added after verification
spokane-public-radio,Spokane Public Radio,WA,KPBX-FM,Spokane Public Radio audited financial statements public documents,candidate from 990 watchlist; page_url to be added after verification
pacific-public-media,Pacific Public Media,WA,KNKX-FM,Pacific Public Media audited financial statements public documents,candidate from 990 watchlist; page_url to be added after verification
classic-radio,Classic Radio,WA,KING-FM,Classic Radio audited financial statements public documents,candidate from 990 watchlist; page_url to be added after verification
friends-of-kexp,Friends of KEXP,WA,KEXP-FM,Friends of KEXP audited financial statements public documents,candidate from 990 watchlist; page_url to be added after verification
seattle-public-schools,Seattle Public Schools,WA,KNHC-FM,Seattle Public Schools audited financial statements public documents,candidate from 990 watchlist; page_url to be added after verification
lac-courte-oreilles-ojibwa-public-broadcasting-cor,Lac Courte Oreilles Ojibwa Public Broadcasting Corporation,WI,WOJB-FM,Lac Courte Oreilles Ojibwa Public Broadcasting Corporation audited financial statements public documents,candidate from 990 watchlist; page_url to be added after verification
back-porch-radio-broadcasting-inc,"Back Porch Radio Broadcasting, Inc.",WI,WORT-FM,"Back Porch Radio Broadcasting, Inc. audited financial statements public documents",candidate from 990 watchlist; page_url to be added after verification
white-pine-community-broadcasting-inc,"White Pine Community Broadcasting, Inc.",WI,WXPR-FM,"White Pine Community Broadcasting, Inc. audited financial statements public documents",candidate from 990 watchlist; page_url to be added after verification
pocahontas-communications-cooperative-corporation,Pocahontas Communications Cooperative Corporation,WV,WVMR-AM,Pocahontas Communications Cooperative Corporation audited financial statements public documents,candidate from 990 watchlist; page_url to be added after verification
jackson-hole-community-radio-incorporated,"Jackson Hole Community Radio, Incorporated",WY,KHOL-FM,"Jackson Hole Community Radio, Incorporated audited financial statements public documents",candidate from 990 watchlist; page_url to be added after verification
npr,NPR,,,NPR audited financial statements public documents,candidate from 990 watchlist; page_url to be added after verification
pbs,PBS,,,PBS audited financial statements public documents,candidate from 990 watchlist; page_url to be added after verification
prx,PRX,,,PRX audited financial statements public documents,candidate from 990 watchlist; page_url to be added after verification
american-public-television,American Public Television,,,American Public Television audited financial statements public documents,candidate from 990 watchlist; page_url to be added after verification
america-s-public-television-stations,America's Public Television Stations,,,America's Public Television Stations audited financial statements public documents,candidate from 990 watchlist; page_url to be added after verification
