station_id,station_name,candidate_url,score
metropolitan-indianapolis-public-media-inc,"Metropolitan Indianapolis Public Media, Inc.",https://www.wfyi.org/about/public-files,13
metropolitan-indianapolis-public-media-inc,"Metropolitan Indianapolis Public Media, Inc.",https://www.radioworld.com/about/reports,11
metropolitan-indianapolis-public-media-inc,"Metropolitan Indianapolis Public Media, Inc.",https://www.wfyi.org/about/financials,11
northwest-indiana-public-broadcasting-inc,"Northwest Indiana Public Broadcasting, Inc.",https://www.ipm.org/about/reports,11
northwest-indiana-public-broadcasting-inc,"Northwest Indiana Public Broadcasting, Inc.",https://www.ipm.org/about/about-wfiu,9
northwest-indiana-public-broadcasting-inc,"Northwest Indiana Public Broadcasting, Inc.",https://www.ipm.org/about/about-wtiu,9
west-central-minnesota-etv-company,West Central Minnesota ETV Company,https://kstp.com/about/reports,11
west-central-minnesota-etv-company,West Central Minnesota ETV Company,https://kstp.com/minnesota-sports/2026-high-school-girls-hockey-tournament-central/,11
west-central-minnesota-etv-company,West Central Minnesota ETV Company,https://kstp.com/5-investigates/minnesota-dhs-investigating-falsified-documentation-in-behavioral-health-grant-program/,9
mountain-lake-public-telecommunications-council,Mountain Lake Public Telecommunications Council,https://mountainlake.org/about/,13
mountain-lake-public-telecommunications-council,Mountain Lake Public Telecommunications Council,https://mountainlake.org/about/channel-information/,13
mountain-lake-public-telecommunications-council,Mountain Lake Public Telecommunications Council,https://mountainlake.org/about/contact/,13
lehigh-valley-public-telecommunications-corporatio,Lehigh Valley Public Telecommunications Corporation,https://www.lehighvalleypublicmedia.org/about-us/,13
lehigh-valley-public-telecommunications-corporatio,Lehigh Valley Public Telecommunications Corporation,https://www.lehighvalleypublicmedia.org/about-us,12
lehigh-valley-public-telecommunications-corporatio,Lehigh Valley Public Telecommunications Corporation,https://www.lehighvalleypublicmedia.org/contact-us/,11
sistema-universitario-ana-g-mendez-inc,"Sistema Universitario Ana G. Mendez, Inc.",https://agmu.edu/es/noticias/ana-g-mendez-university-participa-en-transitions-life,9
sistema-universitario-ana-g-mendez-inc,"Sistema Universitario Ana G. Mendez, Inc.",https://uagm.edu/es/ofrecimientos/por-recinto-y-o-centro-universitario,9
sistema-universitario-ana-g-mendez-inc,"Sistema Universitario Ana G. Mendez, Inc.",https://uagm.edu/es/recintos-y-centros-universitarios,9
puerto-rico-public-broadcasting-corporation,Puerto Rico Public Broadcasting Corporation,https://www.wikidata.org/wiki/Special:MyLanguage/Help:About_data,9
the-greater-chattanooga-public-television-corporat,The Greater Chattanooga Public Television Corporation,https://www.greaterchattanooga.org/about,12
the-greater-chattanooga-public-television-corporat,The Greater Chattanooga Public Television Corporation,https://www.greaterchattanooga.org/home-1/2020/2/20/making-waves,11
the-greater-chattanooga-public-television-corporat,The Greater Chattanooga Public Television Corporation,https://www.greaterchattanooga.org/home-1/2020/3/26/scenic-sushi,11
permian-basin-public-telecommunications-inc,"Permian Basin Public Telecommunications, Inc.",https://pbt-permian.com/annual-qtrly-reports/,6
utah-state-board-of-regents,Utah State Board of Regents,https://ushe.edu/utah-board-of-higher-education-names-brad-l-mortensen-president-of-utah-state-university/,11
utah-state-board-of-regents,Utah State Board of Regents,https://ushe.edu/utah-board-of-higher-education-sets-statewide-direction-on-ai/,11
utah-state-board-of-regents,Utah State Board of Regents,https://ushe.edu/applications-open-for-weber-state-university-president/,9
virgin-islands-public-broadcasting-system,Virgin Islands Public Broadcasting System,https://viconsortium.com/vi-business/virgin-islands-youth-financial-literacy-symposium-nears-capacity-as-registration-gains-momentum,13
virgin-islands-public-broadcasting-system,Virgin Islands Public Broadcasting System,https://viconsortium.com/vi-caribbean/virgin-islands-reports-jamaican-corporal-accused-of-infringing-on-rights-of-a-rastafarian-woman-who-says-her-dreadlocks-were-cut-against-her-will,13
virgin-islands-public-broadcasting-system,Virgin Islands Public Broadcasting System,https://viconsortium.com/vi-crime/virgin-islands-43-year-old-man-arrested-after-minor-reports-sexual-assault,13
koahnic-broadcast-corporation,Koahnic Broadcast Corporation,https://koahnic.org/about-us/employment,11
koahnic-broadcast-corporation,Koahnic Broadcast Corporation,https://koahnic.org/about-us,10
koahnic-broadcast-corporation,Koahnic Broadcast Corporation,https://www.knba.org/koahnic-broadcast-corporation,10
lynn-canal-broadcasting,Lynn Canal Broadcasting,https://khns.org/about-khns/,9
lynn-canal-broadcasting,Lynn Canal Broadcasting,https://khns.org/about-khns/khns-board-of-directors/,9
lynn-canal-broadcasting,Lynn Canal Broadcasting,https://khns.org/about-khns/on-air-talent/,9
kodiak-public-broadcasting-corporation,Kodiak Public Broadcasting Corporation,https://kodiak.org/about/,11
kodiak-public-broadcasting-corporation,Kodiak Public Broadcasting Corporation,https://www.kmxt.org/about/eeo-reports,11
kodiak-public-broadcasting-corporation,Kodiak Public Broadcasting Corporation,https://kodiak.org/about,10
raven-radio-foundation-inc,"Raven Radio Foundation, Inc.",https://www.ravenfoundation.org/about-us/,11
raven-radio-foundation-inc,"Raven Radio Foundation, Inc.",https://www.ravenfoundation.org/exodus-from-hell-unlearning-teachings-about-salvation/,11
raven-radio-foundation-inc,"Raven Radio Foundation, Inc.",https://www.ravenfoundation.org/about,10
tuba-city-high-school-board-inc,"Tuba City High School Board, Inc.",https://tcb.bie.edu/our-school/contact-us,9
tuba-city-high-school-board-inc,"Tuba City High School Board, Inc.",https://tcb.bie.edu/our-school/our-history,9
tuba-city-high-school-board-inc,"Tuba City High School Board, Inc.",https://tcb.bie.edu/our-school/our-team,9
chico-state-enterprises,Chico State Enterprises,https://krcrtv.com/weather/cameras/northstate-sky-cams,9
chico-state-enterprises,Chico State Enterprises,https://www.mynspr.org/about-nspr,8
chico-state-enterprises,Chico State Enterprises,https://www.mynspr.org/governance-and-public-reports,8
laguna-radio-inc,Laguna Radio Inc.,https://kfiam640.iheart.com/content/public-file-assistance/,9
laguna-radio-inc,Laguna Radio Inc.,https://kfiam640.iheart.com/featured/michael-monks-reports/,9
laguna-radio-inc,Laguna Radio Inc.,https://kxfmradio.org/about/,9
equal-rep-of-media-advocacy-corp,Equal Rep. of Media Advocacy Corp.,https://fcc.report/About,8
carbondale-community-access-radio,Carbondale Community Access Radio,https://www.kdnk.org/about,8
carbondale-community-access-radio,Carbondale Community Access Radio,https://www.kdnk.org/community-calendar,8
carbondale-community-access-radio,Carbondale Community Access Radio,https://www.kdnk.org/rocky-mountain-community-radio,8
community-radio-project-inc,"Community Radio Project, Inc.",http://communitypublicradio.org/about/public-files,14
community-radio-project-inc,"Community Radio Project, Inc.",http://communitypublicradio.org/about/financials,12
community-radio-project-inc,"Community Radio Project, Inc.",http://communitypublicradio.org/about/reports,12
pulbic-radio-for-the-front-range,Pulbic Radio for the Front Range,https://cinradio.org/reports-and-filings/,4
pulbic-radio-for-the-front-range,Pulbic Radio for the Front Range,https://thepublicsradio.org/the-publics-radio-financials/,4
pulbic-radio-for-the-front-range,Pulbic Radio for the Front Range,https://www.americanpublicmediagroup.org/audits/,4
bascomb-memorial-broadcasting-foundation-inc,"Bascomb Memorial Broadcasting Foundation, Inc.",https://bisprofiles.com/about,8
community-communications-inc,"Community Communications, Inc.",https://www.cfpublic.org/about,8
community-communications-inc,"Community Communications, Inc.",https://www.cfpublic.org/about-central-florida-public-media,8
community-communications-inc,"Community Communications, Inc.",https://www.cfpublic.org/legal-and-financial-documents,8
nathan-b-stubblefield-foundation,Nathan B. Stubblefield Foundation,https://www.wmnf.org/about-wmnf/public-reports/,11
nathan-b-stubblefield-foundation,Nathan B. Stubblefield Foundation,https://www.wmnf.org/about-wmnf/,9
nathan-b-stubblefield-foundation,Nathan B. Stubblefield Foundation,https://www.wmnf.org/about-wmnf/board-committees-and-meetings/,9
kekahu-foundation-inc,"Kekahu Foundation, Inc.",https://www.northshoregiveweek.org/about/public-files,13
kekahu-foundation-inc,"Kekahu Foundation, Inc.",https://www.northshoregiveweek.org/about/financials,11
kekahu-foundation-inc,"Kekahu Foundation, Inc.",https://www.northshoregiveweek.org/about/reports,11
nez-perce-tribe,Nez Perce Tribe,https://nezperce.org/government/finance/,9
chicago-public-media-inc,"Chicago Public Media, Inc.",https://www.wbez.org/about/staff,9
chicago-public-media-inc,"Chicago Public Media, Inc.",https://www.wbez.org/education/chicago-school-board,9
chicago-public-media-inc,"Chicago Public Media, Inc.",https://www.wbez.org/pages/public-financial-documents,9
quad-cities-community-broadcasting-group,Quad Cities Community Broadcasting Group,https://www.quadcities.com/cities/eldridge/quad-cities-veterans-group-travels-to-iowa-capital-to-raise-awareness-about-veteran-suicide/,15
quad-cities-community-broadcasting-group,Quad Cities Community Broadcasting Group,https://www.quadcities.com/about/,13
quad-cities-community-broadcasting-group,Quad Cities Community Broadcasting Group,https://www.quadcities.com/about/history/,13
elkhart-community-schools-corp,Elkhart Community Schools Corp.,https://indianafederalreportcard.doe.in.gov/profile/Corporation/165,4
northeast-indiana-public-radio-inc,"Northeast Indiana Public Radio, Inc.",https://www.wboi.org/about-us,8
northeast-indiana-public-radio-inc,"Northeast Indiana Public Radio, Inc.",https://www.wboi.org/reports,8
northeast-indiana-public-radio-inc,"Northeast Indiana Public Radio, Inc.",https://www.wboi.org/supporting-wboi-through-financial-planning,8
kentucky-public-radio-inc,"Kentucky Public Radio, Inc.",https://www.kentuckypublicmedia.org/about/public-files,15
kentucky-public-radio-inc,"Kentucky Public Radio, Inc.",https://www.kentuckypublicmedia.org/about/financials,13
kentucky-public-radio-inc,"Kentucky Public Radio, Inc.",https://www.kentuckypublicmedia.org/about/reports,13
appalshop-inc,Appalshop Inc.,http://transmissionproject.org/about,7
appalshop-inc,Appalshop Inc.,http://transmissionproject.org/about.html,7
public-radio-inc,"Public Radio, Inc.",https://www.americanpublicmediagroup.org/audits,8
public-radio-inc,"Public Radio, Inc.",https://www.pmja.org/about-us,8
the-friends-of-wwoz-inc,"The Friends of WWOZ, Inc.",https://test.wwoz.org/about/contributors,11
the-friends-of-wwoz-inc,"The Friends of WWOZ, Inc.",https://test.wwoz.org/about/jobs-wwoz,11
the-friends-of-wwoz-inc,"The Friends of WWOZ, Inc.",https://test.wwoz.org/about/staff,11
lower-cape-communications-inc,"Lower Cape Communications, Inc.",https://outercapecommunitysolutions.org/about/,11
lower-cape-communications-inc,"Lower Cape Communications, Inc.",https://outercapecommunitysolutions.org/about,10
lower-cape-communications-inc,"Lower Cape Communications, Inc.",https://outercapecommunitysolutions.org/internship-opportunity-at-occs-oportunidad-de-pasantia-en-occs/,9
friends-of-mvyradio-inc,"Friends of mvyradio, Inc.",http://www.mvyradio.com/about/public-files,14
friends-of-mvyradio-inc,"Friends of mvyradio, Inc.",http://www.mvyradio.com/about/financials,12
friends-of-mvyradio-inc,"Friends of mvyradio, Inc.",http://www.mvyradio.com/about/reports,12
wypr-license-holding-llc,WYPR License Holding LLC,https://www.wypr.org/about-wypr,10
wypr-license-holding-llc,WYPR License Holding LLC,https://www.wypr.org/your-public-radio-fcc-public-file,10
wypr-license-holding-llc,WYPR License Holding LLC,https://www.wypr.org/people/anastasia-tsioulcas,9
salt-pond-community-broadcasting-co,Salt Pond Community Broadcasting Co.,https://fcc.report/company/SALT-POND-COMMUNITY-BROADCASTING,8
interlochen-center-for-the-arts,Interlochen Center for the Arts,https://www.interlochenpublicradio.org/about-our-journalism,10
interlochen-center-for-the-arts,Interlochen Center for the Arts,https://www.interlochenpublicradio.org/people/ellie-katz,9
interlochen-center-for-the-arts,Interlochen Center for the Arts,https://www.interlochenpublicradio.org/tags/community-connection-concerts,9
detroit-classical-and-jazz-educational-radio-llc,Detroit Classical and Jazz Educational Radio LLC,https://www.wrcjfm.org/features/2024-detroit-jazz-festival-photos/,11
detroit-classical-and-jazz-educational-radio-llc,Detroit Classical and Jazz Educational Radio LLC,https://www.wrcjfm.org/features/2025-detroit-jazz-festival/,11
detroit-classical-and-jazz-educational-radio-llc,Detroit Classical and Jazz Educational Radio LLC,https://www.wrcjfm.org/features/celebrating-detroits-jazz-artists/,11
minnesota-public-radio,Minnesota Public Radio,https://access.minnesota.publicradio.org/,8
center-for-communication-and-development,Center for Communication and Development,https://dc.gov/page/about-district-government-website,9
center-for-communication-and-development,Center for Communication and Development,https://dc.gov/page/education-resource-center,9
center-for-communication-and-development,Center for Communication and Development,https://dc.gov/page/government-resource-center,9
leech-lake-band-of-ojibwe,Leech Lake Band of Ojibwe,https://llojibwe.org/aboutUs/demographics.html,11
leech-lake-band-of-ojibwe,Leech Lake Band of Ojibwe,https://llojibwe.org/aboutUs/gaming.html,11
leech-lake-band-of-ojibwe,Leech Lake Band of Ojibwe,https://www.llojibwe.org/aboutUs/demographics.html,11
new-wave-corporation,New Wave Corporation,https://www.newwavecorporated.com/about-3,10
new-wave-corporation,New Wave Corporation,https://www.newwavecorporated.com/account/my-rewards,9
new-wave-corporation,New Wave Corporation,https://www.newwavecorporated.com/product-page/24k,9
mid-coast-radio-project-inc,"Mid-Coast Radio Project, Inc.",https://www.wamc.org/about,8
mid-coast-radio-project-inc,"Mid-Coast Radio Project, Inc.",https://www.wamc.org/about-wamc,8
mid-coast-radio-project-inc,"Mid-Coast Radio Project, Inc.",https://www.wamc.org/eeo-public-file-report,8
friends-of-public-radio-inc,"Friends of Public Radio, Inc.",https://weta.org/about/reports,11
friends-of-public-radio-inc,"Friends of Public Radio, Inc.",https://weta.org/about/careers,9
friends-of-public-radio-inc,"Friends of Public Radio, Inc.",https://weta.org/about/community,9
keya-inc,"KEYA, Inc.",https://keyaradio.com/home/about-us/,11
keya-inc,"KEYA, Inc.",https://keyaradio.com/home/about-us/privacy-policy/,11
keya-inc,"KEYA, Inc.",https://keyaradio.com/about,10
fort-berthold-communication-enterprise,Fort Berthold Communication Enterprise,https://fcc.report/About,8
dakota-circle-tipi-inc,"Dakota Circle Tipi, Inc.",https://alchetron.com/aboutUs,8
dakota-circle-tipi-inc,"Dakota Circle Tipi, Inc.",https://fcc.report/About,8
auricle-communications,Auricle Communications,https://freeform.wfmu.org/about/,9
auricle-communications,Auricle Communications,https://freeform.wfmu.org/auricle/,9
auricle-communications,Auricle Communications,https://wfmu.org/about/,9
jicarilla-apache-tribe,Jicarilla Apache Tribe,https://www.jicarillahunt.com/pages/about,11
jicarilla-apache-tribe,Jicarilla Apache Tribe,https://jicarillaoga.com/about,10
jicarilla-apache-tribe,Jicarilla Apache Tribe,https://hrjicarilla.com/benefits/,9
ramah-navajo-school-board-inc,"Ramah Navajo School Board, Inc.",https://ramahnavajo.online/,10
ramah-navajo-school-board-inc,"Ramah Navajo School Board, Inc.",https://ramahnavajo.online/contact-us-1,10
ramah-navajo-school-board-inc,"Ramah Navajo School Board, Inc.",https://ramahnavajo.online/employment-1,10
zuni-communications-authority,Zuni Communications Authority,https://www.ca.go.ke/annual-reports,12
zuni-communications-authority,Zuni Communications Authority,https://www.bocra.org.bw/about-us,8
zuni-communications-authority,Zuni Communications Authority,https://www.ca.go.ke/about-us,8
gallup-public-radio,Gallup Public Radio,https://mytuner-radio.com/about-us/,9
gallup-public-radio,Gallup Public Radio,https://news.gallup.com/315575/measuring-black-voices.aspx,9
gallup-public-radio,Gallup Public Radio,https://news.gallup.com/393302/front-page-newsletter-subscribe.aspx,9
the-american-general-media-foundation,The American General Media Foundation,https://www.groundworksnm.org/about-us/sponsors,9
the-american-general-media-foundation,The American General Media Foundation,https://www.groundworksnm.org/resources/financial-management,9
the-american-general-media-foundation,The American General Media Foundation,https://afsa.org/about,8
cincinnati-public-radio-inc,"Cincinnati Public Radio, Inc.",https://cinradio.org/about/reports,11
cincinnati-public-radio-inc,"Cincinnati Public Radio, Inc.",https://cinradio.org/about/,9
cincinnati-public-radio-inc,"Cincinnati Public Radio, Inc.",https://cinradio.org/cincinnati-public-radio-coverage-maps/,9
miami-valley-public-media-inc,"Miami Valley Public Media, Inc.",https://www.wyso.org/about-wyso,8
maple-knoll-communities-inc,"Maple Knoll Communities, Inc.",https://ohioserves.org/about/public-files,13
maple-knoll-communities-inc,"Maple Knoll Communities, Inc.",https://ohioserves.org/about/financials,11
maple-knoll-communities-inc,"Maple Knoll Communities, Inc.",https://ohioserves.org/about/reports,11
tillicum-foundation,Tillicum Foundation,https://kmun.org/cpb-community-service-grant-csg-compliance/,9
tillicum-foundation,Tillicum Foundation,https://kmun.org/public-file/,9
tillicum-foundation,Tillicum Foundation,https://kmun.org/tillicumfoundation/,9
confederated-tribes-of-warm-springs,Confederated Tribes of Warm Springs,https://sos.oregon.gov/about/public-files,13
confederated-tribes-of-warm-springs,Confederated Tribes of Warm Springs,https://sos.oregon.gov/about/financials,11
confederated-tribes-of-warm-springs,Confederated Tribes of Warm Springs,https://sos.oregon.gov/about/reports,11
confederated-tribes-of-the-umatilla-indian-reserva,Confederated Tribes of the Umatilla Indian Reservation,https://ctuir.org/services/indian-lake-reservations/,11
confederated-tribes-of-the-umatilla-indian-reserva,Confederated Tribes of the Umatilla Indian Reservation,https://ctuir.org/about/,9
confederated-tribes-of-the-umatilla-indian-reserva,Confederated Tribes of the Umatilla Indian Reservation,https://ctuir.org/about/brief-history-of-ctuir/,9
lehigh-valley-community-broadcasters-association,Lehigh Valley Community Broadcasters Association,https://www.lehighvalleypublicmedia.org/about-us/,13
lehigh-valley-community-broadcasters-association,Lehigh Valley Community Broadcasters Association,https://www.lehighvalleypublicmedia.org/about-us,12
lehigh-valley-community-broadcasters-association,Lehigh Valley Community Broadcasters Association,https://www.wdiy.org/lehigh-valley-community-broadcasters-association-meeting-schedule,12
spanish-american-civic-association-for-equality-in,"Spanish American Civic Association for Equality, Inc.",https://uwlanc.galaxydigital.com/about/public-files,13
spanish-american-civic-association-for-equality-in,"Spanish American Civic Association for Equality, Inc.",https://uwlanc.galaxydigital.com/about/financials,11
spanish-american-civic-association-for-equality-in,"Spanish American Civic Association for Equality, Inc.",https://uwlanc.galaxydigital.com/about/reports,11
pittsburgh-community-broadcasting-corporation,Pittsburgh Community Broadcasting Corporation,https://pittsburghcommunitybroadcasting.org/about,12
pittsburgh-community-broadcasting-corporation,Pittsburgh Community Broadcasting Corporation,https://pittsburghcommunitybroadcasting.org/reports-resources,12
pittsburgh-community-broadcasting-corporation,Pittsburgh Community Broadcasting Corporation,https://pittsburghcommunitybroadcasting.org/,10
rhode-island-public-radio,Rhode Island Public Radio,https://thepublicsradio.org/faqs-about-the-publics-radio-and-rhode-island-pbs-merger/,13
rhode-island-public-radio,Rhode Island Public Radio,https://thepublicsradio.org/about/reports,11
rhode-island-public-radio,Rhode Island Public Radio,https://thepublicsradio.org/arts-and-culture/why-rhode-island-latino-arts-fought-the-trump-administration-in-court/,11
lakota-communications-inc,"Lakota Communications, Inc.",https://www.kiliradio.live/about/public-files,13
lakota-communications-inc,"Lakota Communications, Inc.",https://www.kiliradio.live/public-files/,11
lakota-communications-inc,"Lakota Communications, Inc.",https://www.kiliradio.live/public-files,10
native-american-community-board-inc,"Native American Community Board, Inc.",https://www.nativeshop.org/about/reports,13
native-american-community-board-inc,"Native American Community Board, Inc.",https://www.nativeshop.org/the-native-american-community-board-mourns-the-passing-of-founder-and-ceo-charon-asetoyer/,13
native-american-community-board-inc,"Native American Community Board, Inc.",https://ictnews.org/about/reports,11
cumberland-communities-communications-corporation,Cumberland Communities Communications Corporation,https://www.fcc.gov/document/cumberland-communities-communications-corporation,11
marfa-public-radio-corporation,Marfa Public Radio Corporation,https://www.marfapublicradio.org/fcc-public-files,12
marfa-public-radio-corporation,Marfa Public Radio Corporation,https://www.marfapublicradio.org/about,10
marfa-public-radio-corporation,Marfa Public Radio Corporation,https://www.marfapublicradio.org/about-marfa-public-radio,10
brazos-valley-public-broadcasting-foundation,Brazos Valley Public Broadcasting Foundation,https://www.kwbu.org/about-us,8
brazos-valley-public-broadcasting-foundation,Brazos Valley Public Broadcasting Foundation,https://www.kwbu.org/cpb-transparency-reports,8
brazos-valley-public-broadcasting-foundation,Brazos Valley Public Broadcasting Foundation,https://www.kwbu.org/online-public-file,8
capitol-broadcasting-association-inc,"Capitol Broadcasting Association, Inc.",https://capitolbroadcasting.com/about-us/,11
capitol-broadcasting-association-inc,"Capitol Broadcasting Association, Inc.",https://capitolbroadcasting.com/about,10
capitol-broadcasting-association-inc,"Capitol Broadcasting Association, Inc.",https://capitolbroadcasting.com/about-us,10
community-wireless-of-park-city-inc,"Community Wireless of Park City, Inc.",https://www.kpcw.org/about,8
community-wireless-of-park-city-inc,"Community Wireless of Park City, Inc.",https://www.kpcw.org/community,8
community-wireless-of-park-city-inc,"Community Wireless of Park City, Inc.",https://www.kpcw.org/community-advisory-boards,8
virginia-tech-foundation-inc,"Virginia Tech Foundation, Inc.",https://www.vt.edu/about/facts-about-virginia-tech.html,13
virginia-tech-foundation-inc,"Virginia Tech Foundation, Inc.",https://www.vtf.org/about-vtf/financial-performance/,11
virginia-tech-foundation-inc,"Virginia Tech Foundation, Inc.",https://www.vtf.org/virginia-tech-corporate-research-center/,11
stu-comm-inc,"STU-COMM, Inc.",https://wnrn.org/about/annual-reports/,15
stu-comm-inc,"STU-COMM, Inc.",https://wnrn.org/about/public-files,13
stu-comm-inc,"STU-COMM, Inc.",https://wnrn.org/public-files/,11
northwest-communities-education-center,Northwest Communities' Education Center,https://kdna.org/annual-eeo-public-file/,9
northwest-communities-education-center,Northwest Communities' Education Center,https://kdna.org/financial-statements/,9
northwest-communities-education-center,Northwest Communities' Education Center,https://www.grangerchamber.net/about/,9
spokane-public-radio,Spokane Public Radio,https://www.spokanepublicradio.org/tags/about-underwriting,11
spokane-public-radio,Spokane Public Radio,https://www.spokanepublicradio.org/about,10
spokane-public-radio,Spokane Public Radio,https://www.spokanepublicradio.org/about-spokane-public-radio,10
classic-radio,Classic Radio,https://www.houstonpublicmedia.org/about/corporation-for-public-broadcasting-cpb-compliance/,11
classic-radio,Classic Radio,https://www.houstonpublicmedia.org/about/impact-reports/,11
classic-radio,Classic Radio,https://www.houstonpublicmedia.org/about/impact-reports/2024-annual-impact-report/,11
friends-of-kexp,Friends of KEXP,https://www.kexp.org/about/annual-reports/,17
friends-of-kexp,Friends of KEXP,https://www.kexp.org/about/board-community-advisory-board/,11
friends-of-kexp,Friends of KEXP,https://www.kexp.org/about/cpb/,11
seattle-public-schools,Seattle Public Schools,https://www.seattleschools.org/about/school-board/resolutions-and-reports/annual-reports/,19
seattle-public-schools,Seattle Public Schools,https://www.seattleschools.org/about/school-board/resolutions-and-reports/annual-reports/annual-reports-archive/,19
seattle-public-schools,Seattle Public Schools,https://ps.seattleschools.org/about/public-files,17
lac-courte-oreilles-ojibwa-public-broadcasting-cor,Lac Courte Oreilles Ojibwa Public Broadcasting Corporation,https://pbswisconsin.org/about/annual-reports/,15
lac-courte-oreilles-ojibwa-public-broadcasting-cor,Lac Courte Oreilles Ojibwa Public Broadcasting Corporation,https://pbswisconsin.org/reports-policies-and-public-files/,13
lac-courte-oreilles-ojibwa-public-broadcasting-cor,Lac Courte Oreilles Ojibwa Public Broadcasting Corporation,https://pbswisconsin.org/about/financials,11
back-porch-radio-broadcasting-inc,"Back Porch Radio Broadcasting, Inc.",https://www.backporchradio.com/about/public-files,17
back-porch-radio-broadcasting-inc,"Back Porch Radio Broadcasting, Inc.",https://www.backporchradio.com/about/financials,15
back-porch-radio-broadcasting-inc,"Back Porch Radio Broadcasting, Inc.",https://www.backporchradio.com/about/reports,15
white-pine-community-broadcasting-inc,"White Pine Community Broadcasting, Inc.",https://oiradio.co/about/public-files,13
white-pine-community-broadcasting-inc,"White Pine Community Broadcasting, Inc.",https://myradioplace.com/about/reports,11
white-pine-community-broadcasting-inc,"White Pine Community Broadcasting, Inc.",https://oiradio.co/about/financials,11
pocahontas-communications-cooperative-corporation,Pocahontas Communications Cooperative Corporation,https://www.alleghenymountainradio.org/about/pocahontas-county/,11
pocahontas-communications-cooperative-corporation,Pocahontas Communications Cooperative Corporation,https://countyofbathchamber.org/about-us/,9
pocahontas-communications-cooperative-corporation,Pocahontas Communications Cooperative Corporation,https://www.alleghenymountainradio.org/about/,9
jackson-hole-community-radio-incorporated,"Jackson Hole Community Radio, Incorporated",https://www.jacksonholechamber.com/about-us/,13
jackson-hole-community-radio-incorporated,"Jackson Hole Community Radio, Incorporated",https://www.jacksonholechamber.com/about-us/board-of-directors/,13
jackson-hole-community-radio-incorporated,"Jackson Hole Community Radio, Incorporated",https://www.jacksonholechamber.com/about-us/careers/,13
pbs,PBS,https://pbswisconsin.org/about/annual-reports/,15
pbs,PBS,https://pbswisconsin.org/reports-policies-and-public-files/,13
pbs,PBS,https://pbswisconsin.org/about/financials,11
prx,PRX,https://atlantic.org/about/,9
prx,PRX,https://atlantic.org/about/contact/,9
prx,PRX,https://atlantic.org/about/our-services/,9
american-public-television,American Public Television,https://createtv.com/about/public-files,13
american-public-television,American Public Television,https://createtv.com/about/financials,11
american-public-television,American Public Television,https://createtv.com/about/reports,11
america-s-public-television-stations,America's Public Television Stations,https://apts.org/about/public-files,13
america-s-public-television-stations,America's Public Television Stations,https://apts.org/about/financials,11
america-s-public-television-stations,America's Public Television Stations,https://apts.org/about/reports,11
