station_id,station_name,title,downloaded_path,matched_date,matched_text,source,precision,all_matches
wskg-public-telecommunications-council,WSKG Public Telecommunications Council,FY25 Audited Financial Statements,output/audits/wskg-public-telecommunications-council/2026-03-03/wskg-public-telecommunications-council-2025-financial-statement-1.pdf,2025-12-18,2025-12-18,strings,precise,2025-12-18 [strings:precise] 2025-12-18
maine-public-broadcasting-corporation,Maine Public Broadcasting Corporation,FY25 CPB Financial Report — Maine Public Television,output/audits/maine-public-broadcasting-corporation/2026-03-03/fy25-audited-financial-statements.pdf,2025-12-19,2025-12-19,strings,precise,2025-12-19 [strings:precise] 2025-12-19 || 2025-12-22 [strings:precise] 2025-12-22
educational-broadcasting-foundation-inc,"Educational Broadcasting Foundation, Inc.",• Audited Financial Statements,output/audits/educational-broadcasting-foundation-inc/2026-03-03/WLAE-EBF-Audit-YE-7-31-25-1.pdf,2025-12-22,2025-12-22,strings,precise,2025-12-22 [strings:precise] 2025-12-22 || 2026-01-01 [strings:year:imprecise] 2026 || 2026-01-06 [strings:precise] 2026-01-06
gbh,GBH,VIEW THE 2026 ANNUAL REPORT,output/audits/gbh/2026-03-03/annualreport2026-final-3.pdf,2025-12-22,2025-12-22,strings,precise,2025-12-22 [strings:precise] 2025-12-22 || 2026-01-01 [raw_pdf:year:imprecise] 2026 || 2026-01-01 [strings:year:imprecise] 2026 || 2026-01-01 [title_filename:year:imprecise] 2026 || 2026-02-09 [raw_pdf:precise] 2026-02-09 || 2026-02-09 [strings:precise] 2026-02-09
wgbh-educational-foundation,WGBH Educational Foundation,VIEW THE 2026 ANNUAL REPORT,output/audits/wgbh-educational-foundation/2026-03-03/annualreport2026-final-3.pdf,2025-12-22,2025-12-22,strings,precise,2025-12-22 [strings:precise] 2025-12-22 || 2026-01-01 [raw_pdf:year:imprecise] 2026 || 2026-01-01 [strings:year:imprecise] 2026 || 2026-01-01 [title_filename:year:imprecise] 2026 || 2026-02-09 [raw_pdf:precise] 2026-02-09 || 2026-02-09 [strings:precise] 2026-02-09
elkhart-community-schools-corp,Elkhart Community Schools Corp.,CPB Audit Grid 2023.pdf,output/audits/elkhart-community-schools-corp/2026-03-03/cpb-audit-grid-2023.pdf,2026-01-01,2026,raw_pdf:year,imprecise,2026-01-01 [raw_pdf:year:imprecise] 2026 || 2026-01-01 [strings:year:imprecise] 2026
elkhart-community-schools-corp,Elkhart Community Schools Corp.,CPB Audit Grid 2024.pdf,output/audits/elkhart-community-schools-corp/2026-03-03/cpb-audit-grid-2024.pdf,2026-01-01,2026,raw_pdf:year,imprecise,2026-01-01 [raw_pdf:year:imprecise] 2026 || 2026-01-01 [strings:year:imprecise] 2026
ktoo-public-media,KTOO Public Media,posted here,output/audits/ktoo-public-media/2026-03-03/KTOO-Audited-Financial-Statement-FY24.pdf,2026-01-01,2026,strings:year,imprecise,2026-01-01 [strings:year:imprecise] 2026
new-wave-corporation,New Wave Corporation,FY 2022 Independent Auditor's Report,output/audits/new-wave-corporation/2026-03-03/FY-2022-Independent-Auditors-Report.pdf,2026-01-01,2026,strings:year,imprecise,2026-01-01 [strings:year:imprecise] 2026
wabe,WABE,2024 Audited Financial Report for WABE-TV,output/audits/wabe/2026-03-03/WABE-TV-2024-AFR.pdf,2026-01-01,2026,raw_pdf:year,imprecise,2026-01-01 [raw_pdf:year:imprecise] 2026 || 2026-01-01 [strings:year:imprecise] 2026
wdet,WDET,2024 CPB Annual Financial Report,output/audits/wdet/2026-03-03/2024-CPB-Annual-Financial-Report.pdf,2026-01-01,2026,raw_pdf:year,imprecise,2026-01-01 [raw_pdf:year:imprecise] 2026 || 2026-01-01 [strings:year:imprecise] 2026
wemu,WEMU,2021 Financial Statement,output/audits/wemu/2026-03-03/financialstatement.21.pdf,2026-01-01,2026,strings:year,imprecise,2026-01-01 [strings:year:imprecise] 2026
witf-inc,"WITF, Inc.",WITF 2018 Annual Report,output/audits/witf-inc/2026-03-03/2018AnnualReport.pdf,2026-01-01,2026,raw_pdf:year,imprecise,2026-01-01 [raw_pdf:year:imprecise] 2026 || 2026-01-01 [strings:year:imprecise] 2026
wmht-educational-telecommunications,WMHT Educational Telecommunications,2025 CPB Television Annual Financial Report,output/audits/wmht-educational-telecommunications/2026-03-03/08027ce5a9_WMHT_20TV_20AFR_20FY2025.pdf,2026-01-01,2026,strings:year,imprecise,2026-01-01 [strings:year:imprecise] 2026
wmky,WMKY,WMKY Morehead State University 2024 Financial Statement,output/audits/wmky/2026-03-03/2024-issued-financial-statements.pdf,2026-01-01,2026,raw_pdf:year,imprecise,2026-01-01 [raw_pdf:year:imprecise] 2026 || 2026-01-01 [strings:year:imprecise] 2026
wmky,WMKY,WMKY Morehead State University 2025 Financial Statement,output/audits/wmky/2026-03-03/wmky-morehead-state-university-2025-financial-statement.pdf,2026-01-01,2026,strings:year,imprecise,2026-01-01 [strings:year:imprecise] 2026 || 2026-01-07 [strings:precise] 2026-01-07 || 2026-02-25 [strings:precise] 2026-02-25
wskg-public-telecommunications-council,WSKG Public Telecommunications Council,2025 Annual Report,output/audits/wskg-public-telecommunications-council/2026-03-03/fy-2025-annual-report-1.pdf,2026-01-01,2026,raw_pdf:year,imprecise,2026-01-01 [raw_pdf:year:imprecise] 2026 || 2026-01-01 [strings:year:imprecise] 2026 || 2026-01-22 [raw_pdf:precise] 2026-01-22 || 2026-01-22 [strings:precise] 2026-01-22 || 2026-01-22 [raw_pdf:creationdate:precise] creationdate (d:20260122 || 2026-01-22 [strings:creationdate:precise] creationdate (d:20260122
wskg-public-telecommunications-council,WSKG Public Telecommunications Council,2026 Equal Employment Opportunity Annual Reports,output/audits/wskg-public-telecommunications-council/2026-03-03/wskg-eeo-feb25-jan26-fcc-report.pdf,2026-01-01,2026,title_filename:year,imprecise,2026-01-01 [title_filename:year:imprecise] 2026
wunc,WUNC,2022 Annual Financial Report,output/audits/wunc/2026-03-03/fy22-afr-final.pdf,2026-01-01,2026,strings:year,imprecise,2026-01-01 [strings:year:imprecise] 2026
