Grantee Name,Grantee Type,Grantee City,Grantee State,Licensee Name
KAKM-TV,TV,Anchorage,AK,Alaska Public Media
KYUK-TV                                                                         ,TV,Bethel,AK,"Bethel Broadcasting, Inc."
KUAC-TV                                                                         ,TV,Fairbanks ,AK,University of Alaska
KTOO-TV                                                                         ,TV,Juneau,AK,KTOO Public Media
Alabama Public Television,TV,Birmingham,AL,Alabama Educational Television Commission
Arkansas Educational Television Network                                         ,TV,Conway,AR,Arkansas Educational Television Commission
KVZK-TV                                                                         ,TV,Pago Pago,AS,"Office of Television Operations, Government of American Samoa"
KAET-TV                                                                         ,TV,Phoenix,AZ,Arizona Board of Regents for Arizona State University
KUAT-TV                                                                         ,TV,Tucson,AZ,University of Arizona
KRCB-TV                                                                         ,TV,Rohnert Park,CA,Rural California Broadcasting Corporation
KEET-TV                                                                         ,TV,Eureka,CA,"Redwood Empire Public Television, Inc."
KVPT-TV                                                                         ,TV,Fresno,CA,"Valley Public Television, Inc."
KCET-TV                                                                         ,TV,Burbank,CA,Public Media Group of Southern California
KLCS-TV,TV,Los Angeles,CA,Los Angeles Unified School District
KIXE-TV                                                                         ,TV,Redding ,CA,"Northern California Educational Television Association, Inc."
KVIE-TV                                                                         ,TV,Sacramento ,CA,"KVIE, Inc."
KVCR-TV                                                                         ,TV,San Bernardino,CA,San Bernardino Community College District
KPBS-TV                                                                         ,TV,San Diego,CA,San Diego State University
KQED-TV                                                                         ,TV,San Francisco,CA,KQED Inc.
KBDI-TV                                                                         ,TV,Denver,CO,"Colorado Public Television, Inc."
KRMA-TV                                                                         ,TV,Denver,CO,"Rocky Mountain Public Broadcasting Network, Inc."
Connecticut Network,TV,Hartford,CT,"Connecticut Public Broadcasting, Inc."
WHUT-TV                                                                         ,TV,Washington ,DC,Howard University
WEFS-TV,TV,Cocoa ,FL,Eastern Florida State College
WUFT-TV                                                                         ,TV,Gainesville,FL,"Board of Trustees, University of Florida"
WJCT-TV                                                                         ,TV,Jacksonville,FL,"WJCT, Inc."
WPBT-TV                                                                         ,TV,Boynton Beach,FL,"South Florida PBS, Inc. "
WLRN-TV                                                                         ,TV,Miami,FL,"The School Board of Miami-Dade County, Florida"
WUCF-TV,TV,Orlando,FL,University of Central Florida
WSRE-TV                                                                         ,TV,Pensacola ,FL,Pensacola State College
WFSU-TV                                                                         ,TV,Tallahassee,FL,Florida State University
WEDU-TV                                                                         ,TV,Tampa,FL,"Florida West Coast Public Broadcasting, Inc."
WGCU-TV                                                                         ,TV,Fort  Myers,FL,"Board of Trustees, Florida Gulf Coast Universtiy"
WABE-TV,TV,Atlanta,GA,Board of Education of the City of Atlanta
Georgia Public Broadcasting                                                     ,TV,Atlanta,GA,Georgia Public Telecommunications Commission
KGTF-TV                                                                         ,TV,Barrigada,GU,Guam Educational Telecommunications Corporation
Hawaii Public Television                                                        ,TV,Honolulu ,HI,Hawaii Public Television Foundation
Iowa PBS,TV,Johnston,IA,Iowa Public Broadcasting Board
Idaho Public Television,TV,Boise,ID,"Idaho State Board of Education, Board of Regents"
WSIU-TV                                                                         ,TV,Carbondale,IL,Board of Trustees of Southern Illinois University
WEIU-TV                                                                         ,TV,Charleston ,IL,Eastern Illinois University
WTTW-TV                                                                         ,TV,Chicago,IL,"Window to the World Communications, Inc."
WQPT-TV                                                                         ,TV,Moline,IL,Western Illinois University
WTVP-TV                                                                         ,TV,Peoria,IL,Illinois Valley Public Telecommunications Corporation
WILL-TV                                                                         ,TV,Urbana,IL,The Board of Trustees of the University of Illinois
WTIU-TV                                                                         ,TV,Bloomington,IN,The Trustees of Indiana University
WNIN-TV                                                                         ,TV,Evansville,IN,"WNIN Tri-State Public Media, Inc."
WFWA-TV                                                                         ,TV,Fort Wayne,IN,"Fort Wayne Public Television, Inc."
WFYI-TV                                                                         ,TV,Indianapolis,IN,"Metropolitan Indianapolis Public Media, Inc."
WYIN-TV                                                                         ,TV,Merrillville ,IN,"Northwest Indiana Public Broadcasting, Inc."
WIPB-TV                                                                         ,TV,Muncie,IN,Ball State University
WNIT-TV                                                                         ,TV,South Bend,IN,Michiana Public Broadcasting Corporation
WVUT-TV                                                                         ,TV,Vincennes,IN,Board of Trustees for the Vincennes University
KOOD-TV                                                                         ,TV,Bunker Hill,KS,Smoky Hills Public Television
KTWU-TV,TV,Topeka ,KS,Washburn University of Topeka
KPTS-TV                                                                         ,TV,Wichita,KS,"Kansas Public Telecommunications Service, Inc."
WKYU-TV,TV,Bowling Green,KY,Western Kentucky University
Kentucky Network,TV,Lexington,KY,Kentucky Authority for Educational Television
Louisiana Public Broadcasting Network                                           ,TV,Baton Rouge,LA,Louisiana Educational Television Authority
WLAE-TV                                                                         ,TV,New Orleans,LA,"Educational Broadcasting Foundation, Inc."
WYES-TV                                                                         ,TV,New Orleans,LA,Greater New Orleans Educational Television Foundation
WGBH-TV                                                                         ,TV,Boston,MA,WGBH Educational Foundation
Maryland Network                                                                ,TV,Owings Mills,MD,Maryland Public Broadcasting Commission
Maine Network                                                                   ,TV,Lewiston,ME,Maine Public Broadcasting Corporation
WTVS-TV                                                                         ,TV,Wixom,MI,Detroit Educational Television Foundation
WKAR-TV                                                                         ,TV,East Lansing,MI,"Board of Trustees, Michigan State University"
WGVU-TV                                                                         ,TV,Grand Rapids,MI,Grand Valley State University
WNMU-TV                                                                         ,TV,Marquette,MI,The Board of Trustees of Northern Michigan University
WCMU-TV                                                                         ,TV,Mt. Pleasant,MI,Central Michigan University
WDCQ-TV                                                                         ,TV,University Center,MI,Delta College
KWCM-TV                                                                         ,TV,Granite Falls,MN,West Central Minnesota ETV Company
KSMQ-TV                                                                         ,TV,Austin ,MN,"KSMQ Public Service Media, Inc."
KAWE-TV                                                                         ,TV,Bemidji,MN,"Northern Minnesota Public Television, Inc."
WDSE-TV                                                                         ,TV,Duluth,MN,Duluth-Superior Area Educational Television Corporation
KTCA-TV                                                                         ,TV,St. Paul,MN,"Twin Cities Public Television, Inc."
KCPT-TV                                                                         ,TV,Kansas City,MO,"Public Television 19, Inc."
KETC-TV                                                                         ,TV,St. Louis,MO,"St. Louis Regional Public Media, Inc."
KOZK-TV                                                                         ,TV,Springfield,MO,Board of Governors of  Missouri State University
KMOS-TV                                                                         ,TV,Warrensburg,MO,University of Central Missouri
Mississippi Public Broadcasting,TV,Jackson,MS,Mississippi Authority for Educational Television
KUSM-TV                                                                         ,TV,Bozeman ,MT,Board of Regents - Montana University System
PBS North Carolina,TV,Research Triangle Park,NC,University of North Carolina 
WTVI-TV                                                                         ,TV,Charlotte ,NC,Central Piedmont Community College
Prairie Public Television                                                       ,TV,Fargo,ND,"Prairie Public Broadcasting, Inc."
Nebraska Network                                                                ,TV,Lincoln,NE,Nebraska Educational Telecommunications Commission
KUON-TV                                                                         ,TV,Lincoln,NE,The University of Nebraska
New Hampshire Network                                                           ,TV,Durham,NH,New Hampshire Public Broadcasting
New Jersey Network,TV,Trenton,NJ,New Jersey Public Broadcasting Authority
KNME-TV                                                                         ,TV,Albuquerque ,NM,Regents of the University of New Mexico and the Board of Education of the City of Albuquerque
KRWG-TV                                                                         ,TV,Las Cruces,NM,Regents of New Mexico State University
KENW-TV                                                                         ,TV,Portales,NM,Eastern New Mexico University
KLVX-TV                                                                         ,TV,Las Vegas,NV,Clark County School District
KNPB-TV                                                                         ,TV,Reno ,NV,"Channel 5 Public Broadcasting, Inc."
WSKG-TV                                                                         ,TV,Vestal,NY,WSKG Public Telecommunications Council
WNYE-TV                                                                         ,TV,Brooklyn,NY,New York City Department of Information Technology and Telecommunications (DoITT)
WNED-TV                                                                         ,TV,Buffalo,NY,Western New York Public Broadcasting Association
WNET-TV                                                                         ,TV,New York,NY,WNET
WCFE-TV                                                                         ,TV,Plattsburgh,NY,Mountain Lake Public Telecommunications Council
WXXI-TV                                                                         ,TV,Rochester,NY,WXXI Public Broadcasting Council
WMHT-TV                                                                         ,TV,Troy,NY,WMHT Educational Telecommunications
WCNY-TV                                                                         ,TV,Syracuse ,NY,"The Public Broadcasting Council of Central New York, Inc."
WPBS-TV                                                                         ,TV,Watertown ,NY,"St. Lawrence Valley Educational Television Council, Inc."
WNEO-TV,TV,Kent,OH,"Northeastern Educational Television of Ohio, Inc."
WOUB-TV                                                                         ,TV,Athens,OH,Ohio University
WBGU-TV                                                                         ,TV,Bowling Green,OH,Bowling Green State University
WCET-TV,TV,Cincinnati ,OH,The Greater Cincinnati Television Educational Foundation
WVIZ-TV                                                                         ,TV,Cleveland,OH,Ideastream
WOSU-TV                                                                         ,TV,Columbus,OH,The Ohio State University
WPTD-TV                                                                         ,TV,Dayton ,OH,"Greater Dayton Public Television, Inc."
WGTE-TV                                                                         ,TV,Toledo,OH,Public Broadcasting Foundation of Northwest Ohio
Oklahoma Network                                                                ,TV,Oklahoma City,OK,Oklahoma Educational Television Authority
KRSU-TV,TV,Claremore,OK,Board of Regents of the University of Oklahoma/Rogers State University
KSYS-TV                                                                         ,TV,Medford,OR,"Southern Oregon Public Television, Inc."
Oregon Network                                                                  ,TV,Portland,OR,Oregon Public Broadcasting
WLVT-TV                                                                         ,TV,Bethlehem,PA,Lehigh Valley Public Telecommunications Corporation
WQLN-TV                                                                         ,TV,Erie,PA,"Public Broadcasting of NorthwestPennsylvania, Inc."
WITF-TV                                                                         ,TV,Harrisburg,PA,"WITF, Inc."
WHYY-TV                                                                         ,TV,Philadelphia,PA,"WHYY, Inc."
WQED-TV                                                                         ,TV,Pittsburgh,PA,WQED Multimedia
WVIA-TV                                                                         ,TV,Pittston,PA,Northeastern Pennsylvania Educational Television Association
WPSU-TV,TV,University Park,PA,The Pennsylvania State University
WMTJ-TV                                                                         ,TV,Rio Piedras,PR,"Sistema Universitario Ana G. Mendez, Inc."
WIPR-TV                                                                         ,TV,San Juan,PR,Puerto Rico Public Broadcasting Corporation
WSBE-TV,TV,Providence,RI,Rhode Island PBS Foundation
South Carolina Network                                                          ,TV,Columbia,SC,South Carolina Educational Television Commission
South Dakota Public Television                                                  ,TV,Vermillion,SD,South Dakota Board of Directors for Educational Telecommunications
WTCI-TV,TV,Chattanooga,TN,The Greater Chattanooga Public Television Corporation
WETP-TV,TV,Knoxville,TN,East Tennessee Public Communications Corporation
WLJT-TV                                                                         ,TV,Martin ,TN,"West Tennessee Public Television Council, Inc."
WKNO-TV                                                                         ,TV,Cordova,TN,"The Mid-South Public Communications Foundation, Inc."
WNPT-TV,TV,Nashville,TN,"Nashville Public Television, Inc."
WCTE-TV                                                                         ,TV,Cookeville,TN,Upper Cumberland Broadcast Council
KACV-TV                                                                         ,TV,Amarillo,TX,Amarillo Junior College District
KLRU-TV                                                                         ,TV,Austin,TX,Capital of Texas Public Telecommunications Council
KLRN-TV                                                                         ,TV,San Antonio,TX,Alamo Public Telecommunications Council
KAMU-TV                                                                         ,TV,College Station,TX,Texas A&M University
KEDT-TV                                                                         ,TV,Corpus Christi,TX,"South Texas Public Broadcasting System, Inc."
KERA-TV                                                                         ,TV,Dallas,TX,"North Texas Public Broadcasting, Inc."
KUHT-TV                                                                         ,TV,Houston,TX,University of Houston System
KTTZ-TV,TV,Lubbock,TX,Texas Tech University
KPBT-TV,TV,Midland,TX,"Permian Basin Public Telecommunications, Inc."
KUEN-TV,TV,Salt Lake City,UT,Utah State Board of Regents
KUED-TV                                                                         ,TV,Salt Lake City,UT,University of Utah
WETA-TV                                                                         ,TV,Arlington,VA,"The Greater Washington Educational Telecommunications Association, Inc."
WHRO-TV                                                                         ,TV,Norfolk,VA,"Hampton Roads Educational Telecommunications Association, Inc."
WCVE-TV                                                                         ,TV,Richmond,VA,VPM Media Corporation
WBRA-TV,TV,Roanoke,VA,"Blue Ridge Public Television, Inc."
WTJX-TV                                                                         ,TV,St. Thomas,VI,Virgin Islands Public Broadcasting System
Vermont PBS,TV,Colcester,VT,Vermont Public Co.
KWSU-TV                                                                         ,TV,Pullman,WA,Washington State University
KCTS-TV                                                                         ,TV,Seattle,WA,Cascade Public Media
KSPS-TV                                                                         ,TV,Spokane,WA,Friends of KSPS
KBTC-TV                                                                         ,TV,Tacoma,WA,Bates Technical College
Wisconsin Network,TV,Madison,WI,Wisconsin Educational Communications Board
WHA-TV                                                                          ,TV,Madison,WI,Board of Regents of the University of Wisconsin System
WMVS-TV                                                                         ,TV,Milwaukee,WI,Milwaukee Area Technical College District Board
WVPB-TV,TV,Charleston,WV,West Virginia Educational Broadcasting Authority
KCWC-TV                                                                         ,TV,Riverton ,WY,Central Wyoming College
KSKA-FM                                                                         ,Radio,Anchorage,AK,Alaska Public Media
KNBA-FM                                                                         ,Radio,Anchorage,AK,Koahnic Broadcast Corporation
KBRW-AM                                                                         ,Radio,Barrow,AK,"Silakkuagvik Communications, Inc."
KYUK-AM                                                                         ,Radio,Bethel,AK,"Bethel Broadcasting, Inc."
KCUK-FM                                                                         ,Radio,Chevak,AK,Kashunamiut School District
KUAC-FM                                                                         ,Radio,Fairbanks,AK,University of Alaska
KDLG-AM                                                                         ,Radio,Dillingham ,AK,Dillingham City School District
KZPA-AM                                                                         ,Radio,Ft. Yukon,AK,"Gwandak Public Broadcasting, Inc."
KIYU-FM,Radio,Galena,AK,Big River Public Broadcasting Corporation
KHNS-FM                                                                         ,Radio,Haines ,AK,Lynn Canal Broadcasting
KBBI-AM                                                                         ,Radio,Homer ,AK,"Kachemak Bay Broadcasting, Inc."
KTOO-FM                                                                         ,Radio,Juneau,AK,KTOO Public Media
KRBD-FM                                                                         ,Radio,Ketchikan,AK,Rainbird Community Broadcasting Corporation
KMXT-FM                                                                         ,Radio,Kodiak ,AK,Kodiak Public Broadcasting Corporation
KOTZ-AM                                                                         ,Radio,Kotzebue,AK,"Kotzebue Broadcasting, Inc"
KSKO-FM,Radio,McGrath,AK,Kuskokwim Public Broadcasting Corporation
KFSK-FM                                                                         ,Radio,Petersburg,AK,Narrows Broadcasting Corporation
KSDP-AM                                                                         ,Radio,Sand Point,AK,"Aleutian Peninsula Broadcasting, Inc."
KCAW-FM                                                                         ,Radio,Sitka,AK,"Raven Radio Foundation, Inc."
KUHB-FM                                                                         ,Radio,St. Paul,AK,Pribilof School District Board of Education
KTNA-FM,Radio,Talkeetna ,AK,"Talkeetna Community Radio, Inc."
KNSA-AM                                                                         ,Radio,Unalakleet ,AK,"Unakleet Broadcasting, Inc."
KUCB-FM,Radio,Unalaska ,AK,"Unalaska Community Broadcasting, Inc."
KCHU-AM                                                                         ,Radio,Valdez ,AK,Terminal Radio Inc.
KSTK-FM                                                                         ,Radio,Wrangell,AK,"CoastAlaska, Inc."
KDLL-FM,Radio,Kenai,AK,"Pickle Hill Public Broadcasting, Inc."
KRFF-FM,Radio,Fairbanks,AK,"Athabascan Fiddlers Association, Inc."
WBHM-FM,Radio,Birmingham,AL,Trustees of the University of Alabama for the University of Alabama at Birmingham
WJAB-FM                                                                         ,Radio,Normal,AL,Alabama A&M University
WLRH-FM                                                                         ,Radio,Huntsville,AL,Alabama Educational Television Commission
WVAS-FM                                                                         ,Radio,Montgomery,AL,Alabama State University
WTSU-FM                                                                         ,Radio,Troy,AL,Troy University
WUAL-FM                                                                         ,Radio,Tuscaloosa,AL,The Board of Trustees of the University of Alabama
KUAF-FM                                                                         ,Radio,Fayetteville,AR,"Board of Trustees, University of Arkansas"
KASU-FM                                                                         ,Radio,State university ,AR,Arkansas State University
KUAR-FM                                                                         ,Radio,Little Rock,AR,Board of Trustees of the University of Arkansas
KNAU-FM                                                                         ,Radio,Flagstaff,AZ,Arizona Board of Regents for and on behalf of Northern Arizona University
KBAQ-FM                                                                         ,Radio,Tempe,AZ,Maricopa County Community College District/ArizonaState University
KJZZ-FM                                                                         ,Radio,Tempe,AZ,Maricopa County Community College District
KUAZ-FM                                                                         ,Radio,Tucson,AZ,University of Arizona
KXCI-FM                                                                         ,Radio,Tucson,AZ,"Foundation for Creative Broadcasting, Inc."
KNNB-FM                                                                         ,Radio,Whiteriver,AZ,Apache Radio Broadcasting Corporation
KAWC-FM,Radio,Yuma,AZ,Arizona Western College
KUYI-FM,Radio,Kykotsmovi,AZ,The Hopi Foundation
KGHR-FM,Radio,Tuba City,AZ,"Tuba City High School Board, Inc."
KOHN-FM,Radio,Sells,AZ,Tohono O'odham Nation
KHSU-FM                                                                         ,Radio,Arcata ,CA,Humboldt State University
KCHO-FM                                                                         ,Radio,Chico ,CA,Chico State Enterprises
KSJV-FM                                                                         ,Radio,Fresno,CA,"Radio Bilingue, Inc."
KIDE-FM                                                                         ,Radio,Hoopa ,CA,Hoopa Valley Tribe
KKJZ-FM,Radio,Long Beach,CA,"California State University, Long Beach Foundation"
KUSC-FM                                                                         ,Radio,Los Angeles,CA,University of Southern California
KVMR-FM                                                                         ,Radio,Nevada City,CA,Nevada City Community Broadcast Group
KCSN-FM                                                                         ,Radio,Northridge,CA,"California State University, Northridge"
KAZU-FM                                                                         ,Radio,Seaside,CA,University Corporation at Monterey Bay
KZYX-FM,Radio,Philo ,CA,Mendocino County Public Broadcasting
KMUD-FM                                                                         ,Radio,Redway,CA,Redwood Community Radio
KXPR-FM                                                                         ,Radio,Sacramento,CA,"California State University, Sacramento"
KXJZ-FM                                                                         ,Radio,Sacramento,CA,"California State University, Sacramento"
KRCB-FM                                                                         ,Radio,Rohnert Park,CA,Rural California Broadcasting Corporation
KPBS-FM                                                                         ,Radio,San Diego,CA,San Diego State University
KALW-FM,Radio,San Francisco,CA,San Francisco Unified School District
KQED-FM                                                                         ,Radio,San Francisco,CA,KQED Inc.
KCBX-FM                                                                         ,Radio,San Luis Obispo,CA,"KCBX, Inc."
KCSM-FM                                                                         ,Radio,San Mateo,CA,San Mateo County Community College District
KCRW-FM                                                                         ,Radio,Santa Monica,CA,Santa Monica Community College District
KVPR-FM                                                                         ,Radio,Clovis,CA,"White Ash Broadcasting, Inc."
KSDS-FM,Radio,San Diego,CA,San Diego Community College District
KCLU-FM,Radio,Thousand Oaks,CA,California Lutheran University
KWMR-FM,Radio,Point Reyes Station,CA,"KWMR, Inc."
KZFR-FM,Radio,Chico,CA,Golden Valley Community Broadcasters
KXRN-LP,Radio,Laguna Beach,CA,Laguna Radio Inc.
KRZA-FM,Radio,Alamosa ,CO,Equal Rep. of Media Advocacy Corp.
KAJX-FM                                                                         ,Radio,Aspen ,CO,"Roaring Fork Public Radio, Inc."
KDNK-FM                                                                         ,Radio,Carbondale ,CO,Carbondale Community Access Radio
KGNU-FM                                                                         ,Radio,Boulder,CO,"Boulder Community Broadcast Association, Inc."
KRCC-FM                                                                         ,Radio,Colorado Springs,CO,The Colorado College
KZET-FM,Radio,Cortez,CO,"Community Radio Project, Inc."
KBUT-FM                                                                         ,Radio,Crested Butte,CO,Crested Butte Mountain Educational Radio Inc.
KVOD-FM,Radio,Centennial,CO,"Public Broadcasting of Colorado, Inc."
KUVO-FM                                                                         ,Radio,Denver,CO,"Rocky Mountain Public Broadcasting Network, Inc."
KUNC-FM                                                                         ,Radio,Greeley,CO,Community Radio for Northern Colorado
KSUT-FM                                                                         ,Radio,Ignacio,CO,"KUTE, Inc."
KVNF-FM                                                                         ,Radio,Paonia ,CO,"North Fork Valley Public Radio, Inc."
KOTO-FM,Radio,Telluride,CO,San Miguel Educational Fund
KRFC-FM,Radio,Fort Collins,CO,Pulbic Radio for the Front Range
KDUR-FM,Radio,Durango,CO,Fort Lewis College
KAFM-FM,Radio,Grand Junction,CO,"Grand Valley Public Radio Company, Inc."
KCME-FM,Radio,"Colorado Springs,",CO,"Cheyenne Mountain Public Broadcast House, Inc."
WSHU-FM                                                                         ,Radio,Fairfield,CT,"Sacred Heart University, Inc."
WPKT-FM                                                                         ,Radio,Hartford,CT,"Connecticut Public Broadcasting, Inc."
WMNR-FM                                                                         ,Radio,Monroe,CT,"Town of Monroe, Connecticut"
WHDD-FM,Radio,Sharon,CT,"Tri-State Public Communications, Inc."
WAMU-FM                                                                         ,Radio,Washington,DC,Board of Trustees of American University
WDDE-FM,Radio,Dover,DE,Delaware First Media Corporation
WGCU-FM                                                                         ,Radio,Fort  Myers,FL,"Board of Trustees, Florida Gulf Coast Universtiy"
WQCS-FM                                                                         ,Radio,Fort Pierce,FL,Indian River State College
WUFT-FM,Radio,Gainesville,FL,"Board of Trustees, University of Florida"
WJCT-FM                                                                         ,Radio,Jacksonville,FL,"WJCT, Inc."
WFIT-FM                                                                         ,Radio,Melbourne,FL,Florida Institute of Technology
WDNA-FM                                                                         ,Radio,Miami ,FL,"Bascomb Memorial Broadcasting Foundation, Inc."
WLRN-FM                                                                         ,Radio,Miami,FL,"The School Board of Miami-Dade County, Florida"
WUCF-FM                                                                         ,Radio,Orlando,FL,University of Central Florida
WMFE-FM                                                                         ,Radio,Orlando,FL,"Community Communications, Inc."
WKGC-FM                                                                         ,Radio,Panama City,FL,Gulf Coast Community College
WUWF-FM                                                                         ,Radio,Pensacola,FL,"Board of Trustees, University of West Florida"
WFSU-FM                                                                         ,Radio,Tallahassee,FL,Florida State University
WMNF-FM                                                                         ,Radio,Tampa,FL,Nathan B. Stubblefield Foundation
WUSF-FM                                                                         ,Radio,Tampa ,FL,University of South Florida
WUGA-FM                                                                         ,Radio,Atlanta,GA,Georgia Public Telecommunications Commission
WABE-FM,Radio,Atlanta,GA,Board of Education of the City of Atlanta
WCLK-FM                                                                         ,Radio,Atlanta,GA,Clark Atlanta University
WJSP-FM                                                                         ,Radio,Atlanta,GA,Georgia Public Telecommunications Commission
KPRG-FM                                                                         ,Radio,Mangilao ,GU,Guam Educational Radio Foundation
KHPR-FM                                                                         ,Radio,Honolulu,HI,Hawaii Public Radio
KKCR-FM                                                                         ,Radio,Hanalei,HI,"Kekahu Foundation, Inc."
WOI-FM,Radio,Des Moines,IA,"Iowa Public Radio, Inc."
KCCK-FM                                                                         ,Radio,Cedar Rapids,IA,Kirkwood Community College
KIWR-FM                                                                         ,Radio,Council Bluffs,IA,Iowa Western Community College
KWIT-FM                                                                         ,Radio,Sioux City,IA,Western Iowa Tech Community College
KBSU-FM                                                                         ,Radio,Boise,ID,Boise State University
KBSW-FM                                                                         ,Radio,Boise,ID,Boise State University
KISU-FM,Radio,Pocatello,ID,Idaho State University
KIYE-FM,Radio,Lapwai,ID,Nez Perce Tribe
WSIU-FM                                                                         ,Radio,Carbondale,IL,Board of Trustees of Southern Illinois University
WBEZ-FM                                                                         ,Radio,Chicago,IL,"Chicago Public Media, Inc."
WNIJ-FM                                                                         ,Radio,DeKalb,IL,Board of Trustees of Northern Illinois University
WDCB-FM                                                                         ,Radio,Glen Ellyn,IL,"College of DuPage, District 502"
WIUM-FM                                                                         ,Radio,Macomb,IL,Western Illinois University
WGLT-FM                                                                         ,Radio,Normal,IL,Illinois State University
WCBU-FM                                                                         ,Radio,Peoria,IL,Bradley University
WVIK-FM                                                                         ,Radio,Rock Island,IL,Augustana College
WUIS-FM                                                                         ,Radio,Springfield,IL,University of Illinois at Springfield
WILL-FM                                                                         ,Radio,Urbana,IL,The Board of Trustees of the University of Illinois
WGVV-LP,Radio,Rock Island,IL,Quad Cities Community Broadcasting Group
WFIU-FM                                                                         ,Radio,Bloomington,IN,The Trustees of Indiana University
WVPE-FM                                                                         ,Radio,Elkhart,IN,Elkhart Community Schools Corp.
WNIN-FM                                                                         ,Radio,Evansville,IN,"WNIN Tri-State Public Media, Inc."
WBOI-FM,Radio,Fort Wayne,IN,"Northeast Indiana Public Radio, Inc."
WFYI-FM                                                                         ,Radio,Indianapolis,IN,"Metropolitan Indianapolis Public Media, Inc."
WBST-FM                                                                         ,Radio,Muncie,IN,Ball State University
WVUB-FM                                                                         ,Radio,Vincennes,IN,Board of Trustees for the Vincennes University
WFHB-FM,Radio,Bloomington,IN,"Bloomington Community Radio, Inc."
WLPR-FM,Radio,Merrillville,IN,"Northwest Indiana Public Broadcasting, Inc."
KHCC-FM,Radio,Hutchinson,KS,Hutchinson Community College
KANU-FM                                                                         ,Radio,Lawrence,KS,University of Kansas
KANZ-FM                                                                         ,Radio,Garden City,KS,"The Kanza Society, Inc."
KRPS-FM,Radio,Pittsburg ,KS,Pittsburg State University
KMUW-FM                                                                         ,Radio,Wichita,KS,Wichita State University
WKYU-FM,Radio,Bowling Green,KY,Western Kentucky University
WUKY-FM                                                                         ,Radio,Lexington,KY,University of Kentucky Board of Trustees
WFPK-FM                                                                         ,Radio,Louisville,KY,"Kentucky Public Radio, Inc."
WMKY-FM                                                                         ,Radio,Morehead,KY,Morehead State University
WKMS-FM                                                                         ,Radio,Murray,KY,"Board of Regents, Murray State University"
WEKU-FM,Radio,Richmond,KY,Eastern Kentucky University
WMMT-FM,Radio,Whitesburg,KY,Appalshop Inc.
WBRH-FM                                                                         ,Radio,Baton Rouge,LA,East Baton Rouge Parish School Board
WRKF-FM                                                                         ,Radio,Baton Rouge,LA,"Public Radio, Inc."
KSLU-FM                                                                         ,Radio,Hammond ,LA,Southeastern Louisiana University
KRVS-FM,Radio,Lafayette,LA,University of Louisiana at Lafayette
KEDM-FM                                                                         ,Radio,Monroe,LA,University of Louisiana at Monroe
WWNO-FM                                                                         ,Radio,New Orleans,LA,University of New Orleans
WWOZ-FM                                                                         ,Radio,New Orleans,LA,"The Friends of WWOZ, Inc."
KDAQ-FM                                                                         ,Radio,Shreveport ,LA,"Board of Supervisors, Louisiana State University and A&M College"
WFCR-FM                                                                         ,Radio,Springfield,MA,"Board of Trustees, University of Massachusetts"
WBUR-FM                                                                         ,Radio,Boston,MA,The Trustees of Boston University 
WGBH-FM                                                                         ,Radio,Boston,MA,WGBH Educational Foundation
WUMB-FM                                                                         ,Radio,Boston,MA,"Board of Trustees, University of Massachusetts"
WICN-FM                                                                         ,Radio,Worcester,MA,"WICN Public Radio, Inc."
WOMR-FM,Radio,Provincetown,MA,"Lower Cape Communications, Inc."
WMVY-FM,Radio,West Tisbury,MA,"Friends of mvyradio, Inc."
WERS-FM,Radio,Boston,MA,Emerson College
WBJC-FM                                                                         ,Radio,Baltimore ,MD,Baltimore City Community College
WEAA-FM                                                                         ,Radio,Baltimore,MD,Morgan State University
WYPR-FM,Radio,Baltimore ,MD,WYPR License Holding LLC
WESM-FM                                                                         ,Radio,Princess Anne,MD,University of Maryland Eastern Shore
WSCL-FM                                                                         ,Radio,Salisbury ,MD,Salisbury University
WMEH-FM                                                                         ,Radio,Lewiston,ME,Maine Public Broadcasting Corporation
WERU-FM                                                                         ,Radio,East Orland,ME,Salt Pond Community Broadcasting Co.
WMEA-FM                                                                         ,Radio,Lewiston,ME,Maine Public Broadcasting Corporation
WUOM-FM,Radio,Ann Arbor,MI,The Regents of the University of Michigan
WDET-FM                                                                         ,Radio,Detroit ,MI,Wayne State University
WKAR-FM                                                                         ,Radio,East Lansing,MI,"Board of Trustees, Michigan State University"
WGVU-FM                                                                         ,Radio,Grand Rapids,MI,Grand Valley State University
WIAA-FM                                                                         ,Radio,Interlochen,MI,Interlochen Center for the Arts
WMUK-FM                                                                         ,Radio,Kalamazoo,MI,Western Michigan University
WNMU-FM,Radio,Marquette,MI,The Board of Trustees of Northern Michigan University
WCMU-FM                                                                         ,Radio,Mount Pleasant,MI,Central Michigan University
WBLV-FM                                                                         ,Radio,Twin Lake,MI,Blue Lake Fine Arts Camp
WEMU-FM                                                                         ,Radio,Ypsilanti,MI,Eastern Michigan University
WRCJ-FM,Radio,Detroit,MI,Detroit Classical and Jazz Educational Radio LLC
WUVS-LP,Radio,Muskegon,MI,West Michigan Community Help Network
KPCC-FM                                                                         ,Radio,Saint Paul,MN,Pasadena Area Community College District
KBPR-FM                                                                         ,Radio,Saint Paul,MN,Minnesota Public Radio
KSJR-FM                                                                         ,Radio,Saint Paul,MN,Minnesota Public Radio
WDSE-FM,Radio,Duluth,MN,Duluth-Superior Area Educational Television Corporation
WSCD-FM                                                                         ,Radio,Saint Paul,MN,Minnesota Public Radio
KAXE-FM                                                                         ,Radio,Grand Rapids,MN,"Northern Community Radio, Inc."
KFAI-FM                                                                         ,Radio,Minneapolis ,MN,Fresh Air Incorporated
KBEM-FM                                                                         ,Radio,Minneapolis ,MN,"Board of Education, Special School District #1"
KSJN-FM                                                                         ,Radio,Saint Paul,MN,Minnesota Public Radio
KCCM-FM                                                                         ,Radio,Saint Paul,MN,Minnesota Public Radio
KLSE-FM                                                                         ,Radio,Saint Paul,MN,Minnesota Public Radio
WTIP-FM,Radio,Grand Marais,MN,Cook County Community Radio Corporation
KMOJ-FM,Radio,Minneapolis,MN,Center for Communication and Development
KSRQ-FM,Radio,Thief River Falls,MN,Northland Community and Technical College
KKWE-FM,Radio,Callaway,MN,White Earth Land Recovery Project
KBFT-FM,Radio,Nett Lake,MN,Bois Forte Tribal Council
KOJB-FM,Radio,Cass Lake ,MN,Leech Lake Band of Ojibwe
KRCU-FM                                                                         ,Radio,Cape Girardeau,MO," Board of Governors, Southeast Missouri State University"
KBIA-FM                                                                         ,Radio,Columbia,MO,The Curators of the University of Missouri
KOPN-FM                                                                         ,Radio,Columbia ,MO,New Wave Corporation
KJLU-FM                                                                         ,Radio,Jefferson City,MO,Board of Curators of Lincoln University of Missouri
KCUR-FM                                                                         ,Radio,Kansas City,MO,The Curators of the University of Missouri
KKFI-FM                                                                         ,Radio,Kansas City,MO,"Mid-Coast Radio Project, Inc."
KXCV-FM                                                                         ,Radio,Maryville,MO,Board of Regents for Northwest Missouri State University
KDHX-FM                                                                         ,Radio,Saint Louis,MO,Double Helix Corporation
KWMU-FM                                                                         ,Radio,St. Louis,MO,The Curators of the University of Missouri
KSMU-FM                                                                         ,Radio,Springfield,MO,Board of Governors of  Missouri State University
KTBG-FM,Radio,Kansas City,MO,"Public Television 19, Inc."
WURC-FM                                                                         ,Radio,Holly Springs,MS,"Rust College, Inc."
WJSU-FM                                                                         ,Radio,Jackson ,MS,Jackson State University
WMPN-FM,Radio,Jackson,MS,Mississippi Authority for Educational Television
WPRL-FM                                                                         ,Radio,Lorman,MS,Alcorn State University
KEMC-FM                                                                         ,Radio,Billings,MT,Montana State University - Billings
KGVA-FM                                                                         ,Radio,Harlem,MT,"Aaniiih Nakoda College, Inc."
KUFM-FM,Radio,Missoula,MT,University of Montana
KGLT-FM,Radio,Bozeman,MT,Board of Regents - Montana University System
WCQS-FM                                                                         ,Radio,Asheville,NC,"Western North Carolina Public Radio, Inc."
WUNC-FM                                                                         ,Radio,Chapel Hill,NC,"WUNC Public Radio, LLC"
WFAE-FM                                                                         ,Radio,Charlotte,NC,"University Radio Foundation, Inc."
WDAV-FM                                                                         ,Radio,Davidson,NC,Trustees of Davidson College
WNCU-FM                                                                         ,Radio,Durham,NC,North Carolina Central University
WRVS-FM                                                                         ,Radio,Elizabeth City,NC,Elizabeth City State University
WTEB-FM                                                                         ,Radio,New Bern,NC,Board of Trustees for Craven Community College
WNCW-FM                                                                         ,Radio,Spindale ,NC,Isothermal Community College
WHQR-FM                                                                         ,Radio,Wilmington,NC,"Friends of Public Radio, Inc."
WFDD-FM,Radio,Winston-Salem,NC,Wake Forest University
KEYA-FM                                                                         ,Radio,Belcourt,ND,"KEYA, Inc."
KCND-FM                                                                         ,Radio,Fargo,ND,"Prairie Public Broadcasting, Inc."
KMHA-FM                                                                         ,Radio,New Town ,ND,Fort Berthold Communication Enterprise
KABU-FM,Radio,Fort Totten,ND,"Dakota Circle Tipi, Inc."
KUCV-FM                                                                         ,Radio,Lincoln,NE,Nebraska Educational Telecommunications Commission
KZUM-FM                                                                         ,Radio,Lincoln ,NE,"Sunrise Communications, Inc."
KIOS-FM                                                                         ,Radio,Omaha ,NE,Douglas County School District 001
KVNO-FM                                                                         ,Radio,Omaha,NE,Board of Regents of the University of Nebraska thru the University of Nebraska at Omaha
"New Hampshire Public Radio, Inc.",Radio,Concord,NH,"New Hampshire Public Radio, Incorporated"
WBJB-FM                                                                         ,Radio,Lincroft,NJ,Brookdale Community College
WBGO-FM                                                                         ,Radio,Newark,NJ,"Newark Public Radio, Inc."
WWFM-FM                                                                         ,Radio,West WIndsor,NJ,Mercer County Community College
WFMU-FM,Radio,Jersey City,NJ,Auricle Communications
KANW-FM                                                                         ,Radio,Albuquerque ,NM,Board of Education of the City of Albuquerque
KUNM-FM,Radio,Albuquerque,NM,Regents of the University of New Mexico
KCIE-FM                                                                         ,Radio,Dulce,NM,Jicarilla Apache Tribe
KRWG-FM                                                                         ,Radio,Las Cruces,NM,Regents of New Mexico State University
KABR-FM,Radio,Alamo,NM,"Alamo Navajo School Board, Inc."
KENW-FM,Radio,Portales,NM,Eastern New Mexico University
KTDB-FM                                                                         ,Radio,Pine hill,NM,"Ramah Navajo School Board, Inc."
KSHI-FM                                                                         ,Radio,Zuni ,NM,Zuni Communications Authority
KGLP-FM,Radio,Gallup,NM,Gallup Public Radio
KSFR_FM,Radio,Santa Fe,NM,Santa Fe Community College
KSJE-FM,Radio,Farmington,NM,San Juan College
KHFM-FM,Radio,Albuquerque,NM,The American General Media Foundation
KNPR-FM                                                                         ,Radio,Las Vegas,NV,Nevada Public Radio
KUNR-FM                                                                         ,Radio,Reno ,NV,Board of Regents of the Nevada System of Higher Education
WAMC-FM                                                                         ,Radio,Albany,NY,WAMC
WSKG-FM                                                                         ,Radio,Vestal,NY,WSKG Public Telecommunications Council
WFUV-FM                                                                         ,Radio,Bronx,NY,"Fordham University, Executive Committee Board of Trustees"
WNED-FM                                                                         ,Radio,Buffalo,NY,Western New York Public Broadcasting Association
WSLU-FM                                                                         ,Radio,Canton,NY,The St. Lawrence University
WEOS-FM                                                                         ,Radio,Geneva,NY,Hobart and William Smith Colleges
WJFF-FM                                                                         ,Radio,Jeffersonville,NY,"Radio Catskill, Inc."
WCNY-FM                                                                         ,Radio,Syracuse ,NY,"The Public Broadcasting Council of Central New York, Inc."
WNYC-FM                                                                         ,Radio,New York,NY,New York Public Radio
WRVO-FM                                                                         ,Radio,Albany,NY,"Board of Trustees, State University of New York"
WXXI-FM                                                                         ,Radio,Rochester,NY,WXXI Public Broadcasting Council
WMHT-FM                                                                         ,Radio,Troy,NY,WMHT Educational Telecommunications
WLIW-FM,Radio,New York,NY,WNET
WAER-FM                                                                         ,Radio,Syracuse,NY,Syracuse University
WAPS-FM                                                                         ,Radio,Akron,OH,"Board of Education, Akron City School District"
WOUB-FM                                                                         ,Radio,Athens,OH,Ohio University
WGUC-FM                                                                         ,Radio,Cincinnati ,OH,"Cincinnati Public Radio, Inc. "
WCPN-FM                                                                         ,Radio,Cleveland,OH,Ideastream
WCBE-FM                                                                         ,Radio,Columbus,OH,"Board of Education of the City School District ofColumbus, Ohio"
WOSU-FM                                                                         ,Radio,Columbus,OH,The Ohio State University
WDPR-FM                                                                         ,Radio,Dayton,OH,"Dayton Public Radio, Inc."
WGTE-FM                                                                         ,Radio,Toledo,OH,Public Broadcasting Foundation of Northwest Ohio
WCSU-FM                                                                         ,Radio,Wilberforce,OH,Central State University
WYSO-FM                                                                         ,Radio,Yellow Springs,OH,"Miami Valley Public Media, Inc."
WYSU-FM                                                                         ,Radio,Youngstown,OH,Youngstown State University
WMKV-FM,Radio,Springdale,OH,"Maple Knoll Communities, Inc."
KUCO-FM,Radio,Edmond,OK,University of Central Oklahoma
KCCU-FM                                                                         ,Radio,Lawton,OK,Cameron University
KGOU-FM                                                                         ,Radio,Norman,OK,The University of Oklahoma
KOSU-FM                                                                         ,Radio,Stillwater,OK,Oklahoma State University
KWGS-FM,Radio,Tulsa ,OK,The University of Tulsa
KSOR-FM                                                                         ,Radio,Ashland,OR,Southern Oregon University
KMUN-FM,Radio,Astoria ,OR,Tillicum Foundation
KWAX-FM                                                                         ,Radio,Eugene,OR,University of Oregon
KRVM-FM                                                                         ,Radio,Eugene,OR,"School District 4J, Lane County"
KLCC-FM                                                                         ,Radio,Eugene ,OR,Lane Community College
KBOO-FM                                                                         ,Radio,Portland,OR,The KBOO Foundation
KQAC-FM                                                                         ,Radio,Portland,OR,"All Classical Public Media, Inc."
KOPB-FM                                                                         ,Radio,Portland,OR,Oregon Public Broadcasting
KWSO-FM,Radio,Warm Springs,OR,Confederated Tribes of Warm Springs
KCUW-LP,Radio,Pendleton,OR,Confederated Tribes of the Umatilla Indian Reservation
KNCA-FM,Radio,Ashland,OR,Southern Oregon University
WDIY-FM                                                                         ,Radio,Bethlehem,PA,Lehigh Valley Community Broadcasters Association
WQLN-FM                                                                         ,Radio,Erie ,PA,"Public Broadcasting of NorthwestPennsylvania, Inc."
WITF-FM                                                                         ,Radio,Harrisburg,PA,"WITF, Inc."
WLCH-FM                                                                         ,Radio,Lancaster,PA,"Spanish American Civic Association for Equality, Inc."
WHYY-FM                                                                         ,Radio,Philadelphia,PA,"WHYY, Inc."
WRTI-FM                                                                         ,Radio,Philadelphia,PA,Temple University of the Commonwealth System of Higher Education
WXPN-FM                                                                         ,Radio,Philadelphia,PA,Trustees of the University of Pennsylvania
WQED-FM                                                                         ,Radio,Pittsburgh,PA,WQED Multimedia
WYEP-FM                                                                         ,Radio,Pittsburgh,PA,Pittsburgh Community Broadcasting Corporation
WVIA-FM                                                                         ,Radio,Pittston,PA,Northeastern Pennsylvania Educational Television Association
WPSU-FM                                                                         ,Radio,University Park,PA,The Pennsylvania State University
WIPR-FM                                                                         ,Radio,San Juan,PR,Puerto Rico Public Broadcasting Corporation
WRTU-FM                                                                         ,Radio,San Juan,PR,University of Puerto Rico
WNPE-FM,Radio,Providence,RI,Rhode Island Public Radio
WLTR-FM                                                                         ,Radio,Columbia,SC,South Carolina Educational Television Commission
WSSB-FM                                                                         ,Radio,Orangeburg,SC,South Carolina State University
KILI-FM                                                                         ,Radio,Porcupine ,SD,"Lakota Communications, Inc."
KLND-FM                                                                         ,Radio,McLaughlin,SD,"Seventh Generation Media Services, Inc."
KUSD-FM                                                                         ,Radio,Vermillion,SD,South Dakota Board of Directors for Educational Telecommunications
KDKO-FM,Radio,Lake Andes,SD,"Native American Community Board, Inc. "
KOYA-FM,Radio,Rosebud,SD,Rosebud Sioux Tribe
WUTC-FM                                                                         ,Radio,Chattanooga,TN,University of Tennessee
WETS-FM                                                                         ,Radio,Johnson City,TN,East Tennessee State University
WUOT-FM                                                                         ,Radio,Knoxville,TN,University of Tennessee
WKNO-FM                                                                         ,Radio,Cordova,TN,"The Mid-South Public Communications Foundation, Inc."
WPLN-FM,Radio,Nashville,TN,Nashville Public Radio
WDVX-FM,Radio,Knoxville,TN,Cumberland Communities Communications Corporation
KUT -FM                                                                         ,Radio,Austin,TX,The University of Texas at Austin
KVLU-FM                                                                         ,Radio,Beaumont ,TX,Lamar University
KAMU-FM                                                                         ,Radio,College Station,TX,Texas A&M University
KETR-FM                                                                         ,Radio,Commerce,TX,Texas A&M University-Commerce
KEDT-FM                                                                         ,Radio,Corpus Christi ,TX,"South Texas Public Broadcasting System, Inc."
KERA-FM                                                                         ,Radio,Dallas,TX,"North Texas Public Broadcasting, Inc."
KTEP-FM                                                                         ,Radio,El Paso,TX,University of Texas at El Paso
KTSU-FM                                                                         ,Radio,Houston,TX,Texas Southern University
KUHF-FM                                                                         ,Radio,Houston,TX,University of Houston System
KNCT-FM                                                                         ,Radio,Killeen,TX,Central Texas College
KTTZ-FM,Radio,Lubbock,TX,Texas Tech University
KXWT-FM,Radio,Marfa,TX,Marfa Public Radio Corporation
KPAC-FM,Radio,San Antonio,TX,Texas Public Radio
KTXK-FM                                                                         ,Radio,Texarkana,TX,Texarkana Community College
KWBU-FM,Radio,Waco,TX,Brazos Valley Public Broadcasting Foundation
KACU-FM,Radio,Abilene,TX,Abilene Christian University
KMFA-FM,Radio,Austin,TX,"Capitol Broadcasting Association, Inc."
KRTS-FM,Radio,Marfa,TX,Marfa Public Radio Corporation
KUSU-FM                                                                         ,Radio,Logan,UT,Utah State University
KPCW-FM                                                                         ,Radio,Park City,UT,"Community Wireless of Park City, Inc."
KRCL-FM                                                                         ,Radio,Salt Lake City,UT,"Listeners Community Radio of Utah, Inc."
KUER-FM                                                                         ,Radio,Salt Lake City,UT,University of Utah
WETA-FM                                                                         ,Radio,Arlington,VA,"The Greater Washington Educational Telecommunications Association, Inc."
WTJU-FM                                                                         ,Radio,Charlottesville,VA,The Rector and Visitors of the University of Virginia
WMRA-FM                                                                         ,Radio,Harrisonburg,VA,James Madison University Board of Visitors
WHRV-FM                                                                         ,Radio,Norfolk,VA,"Hampton Roads Educational Telecommunications Association, Inc."
WNSB-FM,Radio,Norfolk,VA,Norfolk State University Board of Visitors
WCVE-FM                                                                         ,Radio,Richmond,VA,VPM Media Corporation
WVTF-FM                                                                         ,Radio,Roanoke,VA,"Virginia Tech Foundation, Inc."
WNRN-FM,Radio,Charlottesville,VA,"STU-COMM, Inc."
WVPS-FM,Radio,Colchester,VT,Vermont Public Co.
KBCS-FM                                                                         ,Radio,Bellevue,WA,Bellevue College
KDNA-FM                                                                         ,Radio,Granger,WA,Northwest Communities' Education Center
KWSU-AM                                                                         ,Radio,Pullman,WA,Washington State University
KUOW-FM                                                                         ,Radio,Seattle,WA,University of Washington
KPBX-FM                                                                         ,Radio,Spokane ,WA,Spokane Public Radio
KNKX-FM,Radio,Tacoma,WA,Pacific Public Media
KSVR-FM,Radio,Mount Vernon,WA,Board of Trustees of Skagit Valley College
KING-FM,Radio,Seattle,WA,Classic Radio
KEXP-FM,Radio,Seattle,WA,Friends of KEXP
KNHC-FM,Radio,Seattle,WA,Seattle Public Schools
WOJB-FM                                                                         ,Radio,Hayward,WI,Lac Courte Oreilles Ojibwa Public Broadcasting Corporation
WLSU-FM                                                                         ,Radio,Madison,WI,Board of Regents of the University of Wisconsin System
WERN-FM                                                                         ,Radio,Madison,WI,Wisconsin Educational Communications Board
WHA-AM                                                                          ,Radio,Madison,WI,Board of Regents of the University of Wisconsin System
WORT-FM,Radio,Madison,WI,"Back Porch Radio Broadcasting, Inc."
WUWM-FM                                                                         ,Radio,Milwaukee,WI,Board of Regents of the University of Wisconsin System
WHAD-FM                                                                         ,Radio,Madison,WI,Wisconsin Educational Communications Board
WYMS-FM                                                                         ,Radio,Milwaukee ,WI,Milwaukee Board of School Directors
WXPR-FM,Radio,Rhinelander,WI,"White Pine Community Broadcasting, Inc."
WVPB-FM,Radio,Charleston,WV,West Virginia Educational Broadcasting Authority
WVMR-AM                                                                         ,Radio,Dunmore ,WV,Pocahontas Communications Cooperative Corporation
WVLS-FM                                                                         ,Radio,Dunmore,WV,Pocahontas Communications Cooperative Corporation
KUWR-FM                                                                         ,Radio,Laramie,WY,University of Wyoming
KHOL-FM,Radio,Jackson ,WY,"Jackson Hole Community Radio, Incorporated"